id,createdAt,updatedAt,eventId,productId,flashPrice,limitedQty,soldQty,discountPercent,version,status
FI00001,2025-11-21T13:14:39,2025-12-21T12:46:39,E001,P04059,1945821,33,2,46,1,ENDED
FI00002,2026-03-21T11:10:39,2026-04-15T11:39:39,E002,P04903,12231359,139,2,43,1,ENDED
FI00003,2025-11-22T15:20:39,2025-11-30T17:46:39,E003,P00261,16818156,195,2,29,1,ENDED
FI00004,2026-03-29T07:33:39,2026-04-07T03:59:39,E004,P00378,17714078,13,5,33,1,ENDED
FI00005,2026-05-14T23:01:39,2026-05-31T20:32:39,E005,P00449,3272232,109,3,60,1,ENDED
FI00006,2025-11-06T22:35:39,2025-11-26T04:18:39,E006,P04187,9221252,205,2,13,1,ENDED
FI00007,2026-03-20T07:41:39,2026-04-07T09:22:39,E007,P00790,15830344,61,2,60,1,ENDED
FI00008,2026-01-21T18:45:39,2026-02-09T05:26:39,E008,P03786,33847994,22,1,26,1,ENDED
FI00009,2025-09-26T18:53:39,2025-10-04T08:27:39,E009,P03716,12338266,129,3,60,1,ENDED
FI00010,2025-12-13T17:18:39,2026-01-01T10:33:39,E010,P02655,1588279,119,2,12,1,ENDED
FI00011,2025-10-25T03:05:39,2025-11-13T02:45:39,E011,P00713,6258515,205,1,65,1,ENDED
FI00012,2025-10-04T23:01:39,2025-10-23T04:27:39,E012,P04560,7584001,121,6,52,1,ENDED
FI00013,2026-05-09T17:12:39,2026-05-14T10:19:39,E013,P04075,4746895,35,2,20,1,ENDED
FI00014,2025-10-24T05:07:39,2025-11-20T11:15:39,E014,P01347,17490947,85,4,55,1,ENDED
FI00015,2026-05-20T04:08:39,2026-06-19T11:11:39,E015,P04646,14600815,99,4,52,1,ENDED
FI00016,2026-03-06T20:00:39,2026-03-28T20:41:39,E016,P04148,11926372,168,0,58,1,ENDED
FI00017,2026-02-15T01:30:39,2026-02-23T13:49:39,E017,P03910,25520153,153,2,28,1,ENDED
FI00018,2025-11-05T12:57:39,2025-11-06T19:28:39,E018,P00318,9192688,128,2,47,1,ENDED
FI00019,2025-11-07T18:36:39,2025-12-08T08:53:39,E019,P03160,25538263,30,5,36,1,ENDED
FI00020,2025-08-22T14:24:39,2025-08-29T06:17:39,E020,P01875,24774114,28,2,39,1,ENDED
FI00021,2025-08-16T06:00:39,2025-08-17T13:56:39,E021,P03657,7770684,161,8,21,1,ENDED
FI00022,2025-07-19T16:53:39,2025-08-11T06:01:39,E022,P01517,3487675,19,0,69,1,ENDED
FI00023,2025-07-29T00:06:39,2025-08-05T02:50:39,E023,P02525,5672734,191,1,68,1,ENDED
FI00024,2025-07-17T09:27:39,2025-08-02T23:29:39,E024,P02747,8526480,192,2,68,1,ENDED
FI00025,2026-01-10T04:17:39,2026-01-29T03:31:39,E025,P02965,7453177,111,0,17,1,ENDED
FI00026,2025-12-21T00:14:39,2025-12-29T10:40:39,E026,P00912,9163683,23,0,68,1,ENDED
FI00027,2025-07-23T01:28:39,2025-08-06T01:04:39,E027,P04756,10037727,154,4,37,1,ENDED
FI00028,2026-02-01T06:18:39,2026-02-10T19:22:39,E028,P01246,6308380,160,3,47,1,ENDED
FI00029,2026-02-28T09:42:39,2026-03-25T03:34:39,E029,P01699,15942771,134,4,66,1,ENDED
FI00030,2025-08-01T21:12:39,2025-09-01T12:26:39,E030,P04377,774236,70,0,16,1,ENDED
FI00031,2026-03-31T01:19:39,2026-04-25T06:32:39,E031,P03324,8298935,162,2,18,1,ENDED
FI00032,2025-11-23T19:18:39,2025-12-14T11:03:39,E032,P03094,12172918,207,1,38,1,ENDED
FI00033,2026-04-01T06:55:39,2026-05-01T06:37:39,E033,P04142,10257437,21,0,60,1,ENDED
FI00034,2025-10-06T17:35:39,2025-10-20T23:43:39,E034,P03325,13121970,92,3,63,1,ENDED
FI00035,2025-06-27T10:04:39,2025-07-04T22:28:39,E035,P01797,2915678,64,2,45,1,ENDED
FI00036,2025-10-26T22:31:39,2025-11-16T13:01:39,E036,P03078,13388428,120,2,58,1,UPCOMING
FI00037,2025-12-05T09:18:39,2025-12-11T10:37:39,E037,P00027,5550047,23,2,24,1,ENDED
FI00038,2026-01-02T08:10:39,2026-01-28T03:44:39,E038,P03588,22343724,168,4,14,1,ENDED
FI00039,2025-12-24T10:32:39,2025-12-28T19:53:39,E039,P02364,25343076,119,6,32,1,ENDED
FI00040,2025-07-29T16:42:39,2025-08-23T18:21:39,E040,P03640,11206012,59,4,66,1,ENDED
FI00041,2025-08-21T16:53:39,2025-09-06T14:32:39,E041,P02719,5138431,157,0,14,1,ACTIVE
FI00042,2025-11-20T05:22:39,2025-12-13T11:04:39,E042,P01797,4293999,18,3,19,1,ENDED
FI00043,2026-03-15T10:58:39,2026-04-08T10:51:39,E043,P03687,8262224,94,0,55,1,ENDED
FI00044,2025-09-21T15:09:39,2025-10-18T08:03:39,E044,P04410,3831955,17,0,58,1,UPCOMING
FI00045,2026-02-27T08:09:39,2026-03-29T15:46:39,E045,P04965,30851006,132,0,23,1,ENDED
FI00046,2026-01-12T20:10:39,2026-01-13T10:05:39,E046,P02553,6616078,22,0,45,1,ENDED
FI00047,2025-10-01T04:09:39,2025-10-22T20:29:39,E047,P00339,32652402,51,2,30,1,ENDED
FI00048,2026-05-03T05:28:39,2026-05-13T01:20:39,E048,P02803,39852318,67,4,15,1,ENDED
FI00049,2025-12-11T05:11:39,2026-01-05T08:16:39,E049,P01146,7644389,166,2,62,1,ENDED
FI00050,2025-09-10T23:39:39,2025-10-04T04:49:39,E050,P00505,29568433,133,5,37,1,ENDED
FI00051,2025-10-25T08:41:39,2025-11-22T18:15:39,E002,P04726,31372651,130,6,37,1,ENDED
FI00052,2025-06-17T17:39:39,2025-07-02T09:36:39,E007,P01994,21504563,149,0,13,1,ENDED
FI00053,2025-11-22T19:51:39,2025-12-13T03:12:39,E038,P02986,8102627,167,2,50,1,ENDED
FI00054,2025-09-08T09:15:39,2025-09-10T03:53:39,E033,P03209,9701709,196,1,70,1,ENDED
FI00055,2026-04-09T08:28:39,2026-05-10T03:20:39,E045,P02703,4212970,194,3,24,1,ENDED
FI00056,2025-07-06T22:40:39,2025-08-01T08:30:39,E009,P03517,2953585,80,3,62,1,ENDED
FI00057,2025-07-18T22:33:39,2025-07-24T17:03:39,E040,P00128,3903125,137,5,49,1,ENDED
FI00058,2026-01-17T20:19:39,2026-02-17T08:46:39,E033,P01347,29540267,73,0,24,1,ENDED
FI00059,2025-06-18T15:07:39,2025-06-21T03:42:39,E035,P02590,23552026,17,1,43,1,ENDED
FI00060,2025-08-22T22:47:39,2025-09-13T16:36:39,E036,P03685,24994183,198,4,33,1,UPCOMING
FI00061,2025-11-29T08:05:39,2025-12-21T00:24:39,E040,P00308,18005704,84,4,63,1,ENDED
FI00062,2026-06-05T07:30:39,2026-06-25T18:22:39,E026,P01596,1803611,116,2,50,1,ENDED
FI00063,2025-09-27T17:40:39,2025-10-27T11:59:39,E004,P04139,29287339,159,3,41,1,ENDED
FI00064,2025-07-27T07:29:39,2025-08-25T23:34:39,E042,P00031,29978540,85,1,36,1,ENDED
FI00065,2026-01-16T13:24:39,2026-02-06T19:07:39,E044,P04032,13735052,19,0,51,1,UPCOMING
FI00066,2026-06-01T02:29:39,2026-06-11T10:08:39,E020,P02454,34673941,14,3,29,1,ENDED
FI00067,2025-08-27T02:34:39,2025-09-09T19:34:39,E049,P04082,11704364,178,1,61,1,ENDED
FI00068,2026-05-26T14:23:39,2026-05-31T18:09:39,E017,P00545,21136574,49,0,17,1,ENDED
FI00069,2025-09-19T17:35:39,2025-10-16T07:21:39,E044,P02049,6178014,10,2,11,1,UPCOMING
FI00070,2025-11-05T21:55:39,2025-11-06T06:06:39,E041,P04562,8668181,34,2,46,1,ACTIVE
FI00071,2025-06-23T08:10:39,2025-07-07T08:20:39,E028,P03353,19714636,167,2,29,1,ENDED
FI00072,2026-03-22T06:03:39,2026-04-15T13:56:39,E045,P01882,24289999,117,0,18,1,ENDED
FI00073,2025-11-27T10:25:39,2025-12-16T06:24:39,E003,P02061,5685175,153,1,53,1,ENDED
FI00074,2025-06-15T17:44:39,2025-07-04T21:56:39,E043,P04072,25898313,45,2,35,1,ENDED
FI00075,2025-09-27T07:57:39,2025-10-25T17:20:39,E029,P00710,15553631,206,2,65,1,ENDED
FI00076,2026-06-05T01:19:39,2026-06-16T06:10:39,E046,P00005,18796520,81,2,50,1,ENDED
FI00077,2026-03-21T05:42:39,2026-04-05T20:43:39,E002,P00499,6875673,89,4,56,1,ENDED
FI00078,2026-01-04T16:19:39,2026-01-11T11:28:39,E031,P01844,18481162,176,2,47,1,ENDED
FI00079,2026-04-26T13:41:39,2026-05-24T20:51:39,E048,P01516,11643408,24,0,59,1,ENDED
FI00080,2025-11-15T21:02:39,2025-12-13T08:28:39,E004,P04437,14216873,84,5,52,1,ENDED
FI00081,2026-03-31T19:56:39,2026-04-18T11:05:39,E043,P00463,20567159,91,1,51,1,ENDED
FI00082,2026-03-21T04:14:39,2026-04-01T20:57:39,E030,P02968,4934006,67,0,60,1,ENDED
FI00083,2026-02-12T03:55:39,2026-03-05T19:43:39,E005,P02573,27663413,209,6,16,1,ENDED
FI00084,2026-04-30T14:53:39,2026-05-13T23:05:39,E025,P01416,24698639,152,4,42,1,ENDED
FI00085,2026-04-30T16:26:39,2026-05-08T16:31:39,E022,P01357,5967423,70,1,48,1,ENDED
FI00086,2025-09-06T04:34:39,2025-09-08T21:23:39,E024,P00942,1708430,209,3,67,1,ENDED
FI00087,2025-08-20T00:33:39,2025-08-25T08:38:39,E028,P02126,14122234,32,2,68,1,ENDED
FI00088,2025-07-19T18:43:39,2025-07-24T13:29:39,E014,P04037,42742876,139,1,14,1,ENDED
FI00089,2025-07-25T21:41:39,2025-08-11T09:26:39,E020,P00931,12847300,16,1,28,1,ENDED
FI00090,2025-11-10T08:41:39,2025-11-24T09:50:39,E007,P04013,14362408,120,0,36,1,ENDED
FI00091,2025-12-08T10:39:39,2025-12-31T07:02:39,E013,P03375,3406348,52,4,43,1,ENDED
FI00092,2026-04-03T02:14:39,2026-04-27T00:39:39,E023,P01575,9594419,90,4,51,1,ENDED
FI00093,2026-05-24T22:16:39,2026-06-06T15:52:39,E041,P03849,27323368,97,2,42,1,ACTIVE
FI00094,2026-02-28T05:01:39,2026-03-03T18:50:39,E039,P02928,3420712,32,3,56,1,ENDED
FI00095,2026-03-13T04:34:39,2026-03-27T18:03:39,E006,P03778,8919609,118,1,47,1,ENDED
FI00096,2026-02-25T18:04:39,2026-03-15T02:33:39,E025,P03913,22818582,173,2,31,1,ENDED
FI00097,2025-08-16T12:45:39,2025-08-28T04:12:39,E031,P02602,2831403,157,4,46,1,ENDED
FI00098,2025-06-27T10:24:39,2025-07-04T00:13:39,E020,P02100,10683126,49,1,32,1,ENDED
FI00099,2026-03-30T01:06:39,2026-04-11T18:26:39,E045,P00897,17398000,35,1,39,1,ENDED
FI00100,2026-01-28T00:43:39,2026-02-13T11:40:39,E003,P04754,2580744,31,1,14,1,ENDED
FI00101,2025-12-23T02:08:39,2026-01-09T13:39:39,E020,P00089,1695047,72,3,62,1,ENDED
FI00102,2026-03-26T08:00:39,2026-03-27T14:29:39,E008,P01816,4218322,102,3,24,1,ENDED
FI00103,2026-03-25T06:09:39,2026-04-06T13:08:39,E049,P04298,23537659,81,1,13,1,ENDED
FI00104,2025-07-26T01:54:39,2025-08-03T05:29:39,E020,P00065,33686695,133,6,19,1,ENDED
FI00105,2025-08-18T23:20:39,2025-09-05T14:09:39,E043,P00742,43855596,105,3,11,1,ENDED
FI00106,2025-08-13T07:14:39,2025-08-16T23:57:39,E023,P03397,11334263,22,0,25,1,ENDED
FI00107,2025-11-18T09:59:39,2025-12-14T17:56:39,E016,P04892,19351480,55,3,53,1,ENDED
FI00108,2025-11-02T05:40:39,2025-11-11T01:35:39,E033,P03247,11972586,68,0,66,1,ENDED
FI00109,2026-05-31T11:16:39,2026-06-18T12:28:39,E021,P00481,7724176,49,1,51,1,ENDED
FI00110,2025-09-12T16:09:39,2025-09-16T18:45:39,E004,P04517,37769836,127,1,20,1,ENDED
FI00111,2025-08-08T01:07:39,2025-08-19T07:23:39,E010,P02600,12011211,103,1,66,1,ENDED
FI00112,2025-08-03T18:36:39,2025-08-17T04:40:39,E013,P02241,42888882,101,0,15,1,ENDED
FI00113,2026-03-10T05:45:39,2026-03-31T06:01:39,E040,P00323,8568722,67,1,31,1,ENDED
FI00114,2026-05-05T07:53:39,2026-05-28T08:10:39,E018,P04318,14239095,11,2,15,1,ENDED
FI00115,2025-09-04T05:20:39,2025-09-25T22:54:39,E034,P04114,25741179,85,0,45,1,ENDED
FI00116,2026-05-05T16:01:39,2026-05-25T05:48:39,E013,P04325,31260438,202,0,31,1,ENDED
FI00117,2025-08-18T03:33:39,2025-09-13T14:40:39,E043,P02738,28536977,107,2,19,1,ENDED
FI00118,2025-08-17T13:06:39,2025-09-02T11:29:39,E011,P01573,3657203,133,5,62,1,ENDED
FI00119,2025-11-20T11:19:39,2025-12-21T09:54:39,E033,P00680,26114835,118,1,10,1,ENDED
FI00120,2025-10-13T14:22:39,2025-11-08T07:56:39,E017,P01898,11261964,135,1,65,1,ENDED
FI00121,2026-02-24T16:00:39,2026-03-27T00:43:39,E010,P00491,15366266,129,1,59,1,ENDED
FI00122,2026-03-25T05:56:39,2026-03-27T09:05:39,E047,P02693,10960118,195,2,62,1,ENDED
FI00123,2025-10-05T19:37:39,2025-11-02T03:17:39,E028,P00056,15684983,75,1,60,1,ENDED
FI00124,2025-11-27T16:13:39,2025-11-28T14:34:39,E007,P03457,18980285,107,2,11,1,ENDED
FI00125,2025-08-02T17:47:39,2025-08-03T04:59:39,E042,P02495,5578645,133,1,67,1,ENDED
FI00126,2026-03-18T22:49:39,2026-04-09T15:15:39,E049,P02527,22239590,139,2,43,1,ENDED
FI00127,2025-12-05T00:55:39,2025-12-09T00:39:39,E048,P01083,9903887,101,2,13,1,ENDED
FI00128,2026-01-27T12:25:39,2026-02-26T17:58:39,E018,P04072,21515522,174,0,46,1,ENDED
FI00129,2025-09-04T10:26:39,2025-10-01T02:23:39,E045,P02816,15010239,185,2,47,1,ENDED
FI00130,2025-08-12T10:28:39,2025-08-19T00:28:39,E049,P04184,26253286,103,1,36,1,ENDED
FI00131,2025-11-30T11:47:39,2025-12-27T00:23:39,E050,P00486,12383925,113,4,58,1,ENDED
FI00132,2025-10-24T15:05:39,2025-10-30T03:04:39,E003,P03139,30689275,187,0,39,1,ENDED
FI00133,2026-01-08T17:57:39,2026-01-20T20:08:39,E028,P03146,16673513,28,1,45,1,ENDED
FI00134,2026-05-18T06:34:39,2026-05-21T11:00:39,E048,P03208,36419955,130,0,10,1,ENDED
FI00135,2025-10-23T13:26:39,2025-10-30T17:35:39,E043,P00301,10845880,163,3,54,1,ENDED
FI00136,2025-08-11T04:08:39,2025-08-20T09:29:39,E001,P01347,28762891,141,1,26,1,ENDED
FI00137,2026-02-04T15:08:39,2026-02-20T21:22:39,E012,P02773,23709498,91,0,43,1,ENDED
FI00138,2025-08-19T04:25:39,2025-08-19T19:32:39,E030,P03760,16455075,58,0,35,1,ENDED
FI00139,2026-03-08T09:58:39,2026-03-27T10:42:39,E048,P02096,7470328,196,2,50,1,ENDED
FI00140,2026-04-18T03:48:39,2026-04-27T23:19:39,E043,P02658,2551128,84,5,38,1,ENDED
FI00141,2026-01-02T23:52:39,2026-01-03T19:26:39,E027,P02943,11228644,144,1,66,1,ENDED
FI00142,2026-03-24T13:07:39,2026-03-25T14:43:39,E021,P02505,13260234,134,0,62,1,ENDED
FI00143,2026-01-08T06:18:39,2026-01-20T03:13:39,E047,P03231,10069244,126,1,49,1,ENDED
FI00144,2025-08-18T08:01:39,2025-09-04T06:30:39,E019,P02042,5916081,190,4,66,1,ENDED
FI00145,2025-12-05T12:01:39,2026-01-04T18:23:39,E039,P01172,1382702,44,2,29,1,ENDED
FI00146,2026-02-17T20:29:39,2026-03-20T08:46:39,E004,P02505,30358956,127,0,13,1,ENDED
FI00147,2025-11-20T19:27:39,2025-11-24T00:52:39,E026,P01335,17080321,52,0,56,1,ENDED
FI00148,2026-03-01T17:53:39,2026-03-14T21:07:39,E049,P00082,31384987,144,0,20,1,ENDED
FI00149,2026-01-25T16:16:39,2026-02-14T14:37:39,E024,P04631,28579564,14,3,16,1,ENDED
FI00150,2026-05-21T02:30:39,2026-06-12T15:04:39,E043,P04630,26243617,105,2,47,1,ENDED
FI00151,2025-11-10T06:43:39,2025-11-24T10:00:39,E041,P02741,10980818,92,1,62,1,ACTIVE
FI00152,2025-09-22T07:19:39,2025-10-08T05:40:39,E009,P00466,7692579,172,0,19,1,ENDED
FI00153,2026-06-06T21:44:39,2026-06-26T07:59:39,E047,P04400,16174374,164,4,58,1,ENDED
FI00154,2025-07-06T04:07:39,2025-07-24T21:17:39,E035,P03434,23013724,144,5,22,1,ENDED
FI00155,2026-04-01T18:05:39,2026-04-30T00:14:39,E013,P01328,8816134,159,3,50,1,ENDED
FI00156,2025-07-09T08:14:39,2025-08-06T07:46:39,E029,P03932,6590966,170,3,65,1,ENDED
FI00157,2025-10-30T07:14:39,2025-11-19T04:33:39,E026,P01670,5983796,166,4,43,1,ENDED
FI00158,2025-11-01T14:06:39,2025-12-01T17:48:39,E038,P04375,1075009,85,2,13,1,ENDED
FI00159,2026-01-02T14:09:39,2026-01-29T23:16:39,E040,P03720,22194146,13,4,11,1,ENDED
FI00160,2025-09-29T18:53:39,2025-10-03T12:05:39,E011,P04419,16582500,57,0,57,1,ENDED
FI00161,2025-10-27T00:39:39,2025-10-27T20:33:39,E036,P03899,2601068,152,2,66,1,UPCOMING
FI00162,2025-08-04T10:37:39,2025-08-21T14:46:39,E007,P00035,12576666,176,1,22,1,ENDED
FI00163,2025-10-21T12:46:39,2025-11-11T07:35:39,E018,P02539,7786617,98,4,57,1,ENDED
FI00164,2025-06-26T22:06:39,2025-06-29T05:32:39,E023,P02333,20161753,180,0,47,1,ENDED
FI00165,2026-04-19T09:18:39,2026-05-13T04:11:39,E020,P01653,18093357,30,0,21,1,ENDED
FI00166,2026-02-04T10:18:39,2026-02-27T04:21:39,E024,P00347,20690236,77,7,24,1,ENDED
FI00167,2025-09-22T22:29:39,2025-10-12T15:17:39,E002,P04244,11943174,86,0,32,1,ENDED
FI00168,2026-04-02T12:00:39,2026-04-17T10:34:39,E042,P03634,5800642,199,3,44,1,ENDED
FI00169,2025-06-30T09:32:39,2025-07-21T13:14:39,E012,P02736,16202641,135,4,48,1,ENDED
FI00170,2025-07-22T17:49:39,2025-08-08T13:07:39,E009,P03016,1142277,65,5,48,1,ENDED
FI00171,2025-07-24T07:06:39,2025-08-02T12:05:39,E032,P04867,9074547,174,6,22,1,ENDED
FI00172,2025-12-17T06:07:39,2026-01-04T12:25:39,E040,P02340,33058458,97,6,13,1,ENDED
FI00173,2025-08-23T04:05:39,2025-09-16T10:59:39,E008,P02391,9594804,76,2,60,1,ENDED
FI00174,2025-06-22T05:47:39,2025-07-03T06:29:39,E003,P04831,26498459,139,4,11,1,ENDED
FI00175,2025-09-13T11:40:39,2025-09-20T13:27:39,E033,P01818,26784094,117,3,45,1,ENDED
FI00176,2026-04-13T18:12:39,2026-04-21T19:22:39,E049,P01743,29636906,65,0,27,1,ENDED
FI00177,2025-12-07T04:54:39,2025-12-20T07:04:39,E001,P01234,3389706,136,5,42,1,ENDED
FI00178,2025-09-04T01:23:39,2025-09-28T21:34:39,E001,P04082,20107498,62,4,33,1,ENDED
FI00179,2025-12-07T14:19:39,2025-12-19T04:12:39,E006,P01628,10864994,56,3,62,1,ENDED
FI00180,2025-07-25T06:40:39,2025-08-08T10:16:39,E010,P02432,23920693,107,2,30,1,ENDED
FI00181,2025-10-03T02:43:39,2025-10-19T22:23:39,E040,P04454,15695196,23,0,27,1,ENDED
FI00182,2026-01-16T02:52:39,2026-02-07T12:54:39,E050,P02378,18887500,99,4,22,1,ENDED
FI00183,2026-01-02T12:48:39,2026-01-06T12:12:39,E001,P04149,10338959,163,0,24,1,ENDED
FI00184,2025-11-05T15:11:39,2025-11-19T16:35:39,E004,P01031,7722769,34,1,54,1,ENDED
FI00185,2025-07-28T22:39:39,2025-08-17T17:21:39,E040,P02562,17654553,169,0,25,1,ENDED
FI00186,2026-01-04T17:40:39,2026-01-28T12:57:39,E046,P02246,15399644,193,0,69,1,ENDED
FI00187,2025-12-04T14:11:39,2025-12-29T05:29:39,E044,P04350,21021754,70,0,39,1,UPCOMING
FI00188,2025-09-08T18:15:39,2025-09-14T13:58:39,E046,P03614,12066354,53,2,65,1,ENDED
FI00189,2025-10-29T17:57:39,2025-10-30T11:26:39,E044,P01638,15301119,158,0,42,1,UPCOMING
FI00190,2025-11-27T00:52:39,2025-12-10T15:11:39,E007,P04730,6978803,110,0,51,1,ENDED
FI00191,2025-07-13T04:58:39,2025-07-16T15:05:39,E022,P03832,26487870,172,4,38,1,ENDED
FI00192,2025-06-13T00:52:39,2025-06-15T20:31:39,E005,P00226,7354128,172,2,70,1,ENDED
FI00193,2025-08-26T20:27:39,2025-09-14T02:12:39,E049,P02908,21738651,105,1,55,1,ENDED
FI00194,2025-12-16T11:51:39,2026-01-16T02:39:39,E047,P04027,27418817,140,4,42,1,ENDED
FI00195,2025-09-30T10:36:39,2025-10-13T06:27:39,E029,P03278,1043972,96,2,24,1,ENDED
FI00196,2026-01-08T00:06:39,2026-01-24T04:14:39,E048,P04663,555501,162,1,27,1,ENDED
FI00197,2025-08-05T08:11:39,2025-08-24T04:41:39,E001,P04312,16064042,134,0,47,1,ENDED
FI00198,2026-03-02T17:02:39,2026-03-06T09:41:39,E006,P01423,5836174,15,3,57,1,ENDED
FI00199,2026-05-15T07:58:39,2026-06-05T19:41:39,E003,P00510,5151804,128,2,21,1,ENDED
FI00200,2026-03-17T02:44:39,2026-04-10T15:22:39,E014,P03429,8059947,90,0,52,1,ENDED
FI00201,2025-11-21T00:51:39,2025-12-18T22:19:39,E011,P00545,14260821,77,2,44,1,ENDED
FI00202,2026-03-20T15:46:39,2026-03-30T19:23:39,E005,P04183,8043969,43,0,10,1,ENDED
FI00203,2025-11-06T02:21:39,2025-11-06T05:32:39,E041,P02414,10895631,124,2,65,1,ACTIVE
FI00204,2026-05-03T01:13:39,2026-05-25T04:22:39,E031,P03879,19345268,91,1,47,1,ENDED
FI00205,2025-11-01T14:54:39,2025-11-29T10:46:39,E036,P00831,37194717,55,2,18,1,UPCOMING
FI00206,2026-05-02T19:23:39,2026-06-01T12:21:39,E046,P00095,719565,112,2,14,1,ENDED
FI00207,2025-09-23T03:23:39,2025-09-28T10:14:39,E017,P00656,27530147,149,1,40,1,ENDED
FI00208,2026-04-11T04:27:39,2026-04-11T23:09:39,E027,P01976,12770260,165,2,13,1,ENDED
FI00209,2026-04-07T01:50:39,2026-04-10T20:43:39,E033,P01885,28120663,158,0,35,1,ENDED
FI00210,2026-05-20T13:53:39,2026-06-09T06:03:39,E015,P03658,19791759,176,3,46,1,ENDED
FI00211,2025-09-08T22:41:39,2025-09-29T07:02:39,E033,P00951,28517950,87,3,31,1,ENDED
FI00212,2026-05-19T22:17:39,2026-05-25T04:35:39,E029,P04317,6336192,75,2,55,1,ENDED
FI00213,2026-03-15T05:29:39,2026-03-22T23:08:39,E048,P04454,10750134,167,0,50,1,ENDED
FI00214,2025-07-11T00:30:39,2025-07-18T10:11:39,E003,P00367,23522379,133,3,51,1,ENDED
FI00215,2025-08-14T04:04:39,2025-09-05T06:56:39,E029,P00081,14276918,209,0,69,1,ENDED
FI00216,2025-11-04T04:14:39,2025-12-03T07:52:39,E029,P02832,11841180,137,1,69,1,ENDED
FI00217,2026-03-31T03:19:39,2026-04-29T02:50:39,E026,P00242,29405425,104,0,20,1,ENDED
FI00218,2026-04-19T08:21:39,2026-05-03T02:15:39,E015,P00928,554460,164,4,51,1,ENDED
FI00219,2025-07-22T23:14:39,2025-08-11T19:19:39,E008,P02588,14876625,50,5,67,1,ENDED
FI00220,2026-01-19T07:14:39,2026-01-24T00:56:39,E035,P00201,2267866,110,2,59,1,ENDED
FI00221,2025-07-26T13:52:39,2025-08-03T21:13:39,E049,P04679,12045899,180,3,33,1,ENDED
FI00222,2026-04-20T00:51:39,2026-05-16T02:12:39,E037,P00807,17687099,22,4,52,1,ENDED
FI00223,2025-07-13T21:04:39,2025-07-19T15:56:39,E038,P03299,37733382,148,5,15,1,ENDED
FI00224,2025-07-12T21:57:39,2025-08-08T09:14:39,E049,P02517,10103604,153,2,60,1,ENDED
FI00225,2026-05-22T09:35:39,2026-06-03T14:30:39,E040,P03033,17218658,91,5,22,1,ENDED
FI00226,2025-11-09T21:13:39,2025-11-10T09:33:39,E050,P00794,22476785,84,1,15,1,ENDED
FI00227,2025-07-11T05:35:39,2025-07-17T06:05:39,E023,P03673,41245364,58,2,17,1,ENDED
FI00228,2025-11-14T05:05:39,2025-11-20T01:42:39,E050,P02352,18333269,60,2,21,1,ENDED
FI00229,2025-12-21T05:39:39,2025-12-25T11:41:39,E044,P01181,27137639,61,0,25,1,UPCOMING
FI00230,2025-12-27T20:39:39,2026-01-17T20:15:39,E048,P04110,2071558,24,0,33,1,ENDED
FI00231,2025-10-30T03:00:39,2025-11-26T17:03:39,E003,P02090,16983511,42,2,38,1,ENDED
FI00232,2026-01-21T00:19:39,2026-02-02T10:02:39,E042,P02676,31183178,190,4,35,1,ENDED
FI00233,2026-01-06T10:58:39,2026-01-16T15:19:39,E032,P01055,8030322,30,3,55,1,ENDED
FI00234,2025-08-14T06:24:39,2025-08-30T05:39:39,E030,P04836,746843,72,0,34,1,ENDED
FI00235,2026-03-18T09:58:39,2026-03-29T15:42:39,E021,P02551,33607891,53,4,21,1,ENDED
FI00236,2025-11-22T22:42:39,2025-12-14T09:09:39,E023,P00153,15176894,98,2,33,1,ENDED
FI00237,2026-01-06T02:26:39,2026-01-23T12:20:39,E022,P01353,9046894,192,2,48,1,ENDED
FI00238,2025-08-27T05:28:39,2025-09-20T05:00:39,E029,P00617,39860189,140,1,10,1,ENDED
FI00239,2025-09-15T12:16:39,2025-10-02T05:24:39,E042,P03528,20461143,28,2,45,1,ENDED
FI00240,2026-01-22T10:40:39,2026-01-27T12:07:39,E010,P00005,22555823,122,0,40,1,ENDED
FI00241,2026-03-27T01:51:39,2026-04-21T18:29:39,E037,P04525,14924881,14,0,64,1,ENDED
FI00242,2025-10-08T04:16:39,2025-11-06T12:31:39,E035,P00487,9213319,141,2,55,1,ENDED
FI00243,2026-05-22T13:05:39,2026-06-01T03:07:39,E010,P04385,8388799,43,0,64,1,ENDED
FI00244,2025-12-22T08:02:39,2026-01-10T02:21:39,E041,P00779,34113038,185,1,32,1,ACTIVE
FI00245,2026-05-17T22:08:39,2026-05-20T22:44:39,E013,P00655,3234708,180,5,17,1,ENDED
FI00246,2025-07-30T01:42:39,2025-08-17T01:14:39,E025,P00663,13363095,197,3,68,1,ENDED
FI00247,2026-03-12T20:22:39,2026-04-10T16:34:39,E040,P00847,25494644,112,0,25,1,ENDED
FI00248,2026-02-14T17:12:39,2026-03-13T11:52:39,E037,P01173,12653953,194,5,56,1,ENDED
FI00249,2025-11-08T18:34:39,2025-11-14T19:53:39,E036,P02726,6746495,130,1,56,1,UPCOMING
FI00250,2026-01-25T05:39:39,2026-02-04T16:55:39,E029,P00984,15577812,147,4,45,1,ENDED
FI00251,2025-06-23T12:44:39,2025-07-01T09:20:39,E028,P03082,40823449,34,4,18,1,ENDED
FI00252,2025-09-22T21:40:39,2025-10-14T15:24:39,E026,P00980,8285557,12,2,68,1,ENDED
FI00253,2025-09-18T07:54:39,2025-10-18T13:09:39,E048,P04530,22078052,208,1,42,1,ENDED
FI00254,2025-10-27T21:14:39,2025-11-10T02:48:39,E027,P01734,14135042,206,1,63,1,ENDED
FI00255,2025-08-27T13:40:39,2025-09-16T23:33:39,E021,P03962,314106,115,0,47,1,ENDED
FI00256,2025-11-18T08:18:39,2025-12-09T01:49:39,E028,P04036,29403553,182,2,17,1,ENDED
FI00257,2025-06-24T19:32:39,2025-07-04T04:16:39,E011,P04172,22378968,48,2,51,1,ENDED
FI00258,2025-09-29T14:37:39,2025-10-23T12:50:39,E030,P00918,5546782,54,0,63,1,ENDED
FI00259,2026-02-18T07:00:39,2026-03-04T23:13:39,E033,P04907,11663765,176,2,46,1,ENDED
FI00260,2026-02-01T19:35:39,2026-02-26T08:50:39,E044,P03706,37512566,29,2,22,1,UPCOMING
FI00261,2026-05-04T18:36:39,2026-05-04T20:20:39,E044,P04954,3909815,57,0,11,1,UPCOMING
FI00262,2025-11-09T05:04:39,2025-12-05T02:38:39,E047,P03294,9740394,136,0,48,1,ENDED
FI00263,2025-11-04T08:13:39,2025-11-15T08:24:39,E028,P02659,11649146,85,2,17,1,ENDED
FI00264,2026-04-29T19:28:39,2026-05-04T23:19:39,E028,P03679,1190110,83,0,62,1,ENDED
FI00265,2026-02-15T15:42:39,2026-02-23T23:42:39,E001,P03778,12790383,16,0,24,1,ENDED
FI00266,2025-12-22T04:59:39,2026-01-12T21:45:39,E017,P03776,28166493,121,2,42,1,ENDED
FI00267,2025-11-06T15:04:39,2025-12-05T18:49:39,E035,P03488,6037605,35,7,23,1,ENDED
FI00268,2025-09-21T07:37:39,2025-10-22T03:06:39,E009,P00068,20182952,198,2,48,1,ENDED
FI00269,2026-05-27T03:39:39,2026-05-31T10:45:39,E014,P02076,26283200,79,0,27,1,ENDED
FI00270,2025-09-03T10:34:39,2025-09-24T17:09:39,E017,P01141,24385329,191,2,39,1,ENDED
FI00271,2025-07-26T06:11:39,2025-08-01T18:57:39,E007,P03148,15721020,60,2,64,1,ENDED
FI00272,2025-11-01T17:20:39,2025-11-05T15:35:39,E043,P02094,677399,33,2,65,1,ENDED
FI00273,2026-04-29T13:19:39,2026-05-10T07:29:39,E026,P02139,29405732,16,1,17,1,ENDED
FI00274,2025-11-21T02:00:39,2025-12-03T14:10:39,E042,P01107,19178193,101,1,43,1,ENDED
FI00275,2026-06-04T17:27:39,2026-06-15T00:30:39,E007,P01523,20350422,187,2,39,1,ENDED
FI00276,2025-11-20T03:53:39,2025-12-18T05:41:39,E016,P01817,7079517,20,4,64,1,ENDED
FI00277,2025-08-20T06:50:39,2025-09-11T07:29:39,E007,P01490,11346232,184,2,47,1,ENDED
FI00278,2026-05-06T07:50:39,2026-06-02T22:28:39,E023,P00568,11700851,21,1,66,1,ENDED
FI00279,2026-01-01T12:49:39,2026-01-20T10:30:39,E021,P01593,18832056,191,1,22,1,ENDED
FI00280,2025-07-24T19:17:39,2025-08-20T11:27:39,E007,P02390,7684701,91,2,51,1,ENDED
FI00281,2026-04-20T05:33:39,2026-05-20T05:59:39,E028,P04144,32243145,69,2,30,1,ENDED
FI00282,2026-03-12T05:06:39,2026-04-06T06:26:39,E014,P02094,735462,141,3,62,1,ENDED
FI00283,2025-06-22T08:39:39,2025-07-20T16:18:39,E009,P00982,25750579,70,0,44,1,ENDED
FI00284,2026-05-26T07:33:39,2026-06-24T04:11:39,E024,P00311,31316929,111,3,36,1,ENDED
FI00285,2025-12-27T18:25:39,2026-01-05T07:22:39,E020,P00381,16095586,122,0,56,1,ENDED
FI00286,2025-06-10T13:27:39,2025-06-11T05:30:39,E029,P03248,12518511,132,3,65,1,ENDED
FI00287,2026-02-26T01:30:39,2026-02-26T17:13:39,E034,P03347,1910484,67,2,57,1,ENDED
FI00288,2026-01-16T09:54:39,2026-02-02T07:11:39,E028,P04647,19347288,85,1,60,1,ENDED
FI00289,2026-05-17T09:04:39,2026-06-01T03:20:39,E007,P02644,1127057,31,3,64,1,ENDED
FI00290,2026-01-15T17:13:39,2026-02-14T06:54:39,E036,P01729,11641752,180,2,64,1,UPCOMING
FI00291,2025-09-07T12:59:39,2025-09-22T15:16:39,E048,P00708,4325111,82,0,27,1,ENDED
FI00292,2025-07-25T13:08:39,2025-07-29T06:27:39,E025,P03724,1528981,98,3,58,1,ENDED
FI00293,2025-09-22T16:16:39,2025-10-15T14:53:39,E004,P04521,2045643,180,2,49,1,ENDED
FI00294,2026-03-01T09:15:39,2026-03-27T22:02:39,E027,P01209,22165226,56,2,33,1,ENDED
FI00295,2025-08-21T22:07:39,2025-09-13T23:07:39,E044,P01310,3343854,208,0,53,1,UPCOMING
FI00296,2025-11-06T13:08:39,2025-11-20T02:02:39,E005,P01822,41567324,193,4,17,1,ENDED
FI00297,2026-01-30T08:53:39,2026-02-24T11:03:39,E048,P03506,1253791,205,5,53,1,ENDED
FI00298,2025-07-30T19:54:39,2025-08-12T16:01:39,E049,P04953,19940393,204,0,28,1,ENDED
FI00299,2026-01-03T16:41:39,2026-01-22T04:12:39,E050,P02464,13636199,69,5,47,1,ENDED
FI00300,2026-02-05T02:43:39,2026-02-22T10:18:39,E007,P00135,23706855,176,2,16,1,ENDED
FI00301,2026-03-11T21:15:39,2026-03-19T04:23:39,E023,P01552,6443129,156,6,53,1,ENDED
FI00302,2025-06-19T14:01:39,2025-07-10T04:28:39,E030,P04395,7422572,185,5,31,1,ENDED
FI00303,2026-03-30T02:00:39,2026-04-14T23:52:39,E035,P01931,4668390,20,2,44,1,ENDED
FI00304,2025-07-23T04:43:39,2025-08-19T23:17:39,E011,P02475,34844405,48,0,16,1,ENDED
FI00305,2025-12-19T04:03:39,2026-01-07T22:40:39,E001,P01229,780820,140,3,44,1,ENDED
FI00306,2026-01-13T08:20:39,2026-02-09T12:42:39,E025,P02341,4319486,184,7,65,1,ENDED
FI00307,2026-05-02T09:51:39,2026-05-29T14:36:39,E045,P02899,3486288,55,0,67,1,ENDED
FI00308,2025-06-27T01:43:39,2025-06-29T20:32:39,E031,P03591,26881638,123,2,35,1,ENDED
FI00309,2025-09-22T16:09:39,2025-10-10T09:27:39,E017,P04917,8486708,105,0,65,1,ENDED
FI00310,2026-02-17T03:03:39,2026-02-22T15:44:39,E006,P03620,42964685,92,0,14,1,ENDED
FI00311,2025-09-07T15:46:39,2025-10-02T06:20:39,E021,P03974,31941733,141,1,33,1,ENDED
FI00312,2025-06-29T20:09:39,2025-07-30T16:16:39,E039,P02027,2230478,182,5,35,1,ENDED
FI00313,2026-05-26T20:32:39,2026-06-09T09:04:39,E021,P03006,12401883,139,1,45,1,ENDED
FI00314,2025-07-09T20:38:39,2025-08-07T00:48:39,E045,P01091,23566648,34,3,42,1,ENDED
FI00315,2026-01-11T10:41:39,2026-01-11T15:52:39,E033,P00537,2960350,22,1,13,1,ENDED
FI00316,2025-10-08T19:37:39,2025-10-10T12:05:39,E030,P03834,15552982,199,0,41,1,ENDED
FI00317,2026-06-01T19:11:39,2026-06-17T17:08:39,E031,P04090,16904169,66,3,13,1,ENDED
FI00318,2026-05-30T18:00:39,2026-06-04T14:47:39,E044,P04523,31416523,82,0,14,1,UPCOMING
FI00319,2025-07-01T20:45:39,2025-07-24T01:26:39,E042,P02664,7087905,187,8,41,1,ENDED
FI00320,2026-02-19T01:20:39,2026-02-21T09:30:39,E046,P03998,6133516,205,2,49,1,ENDED
FI00321,2025-11-11T00:36:39,2025-11-16T17:22:39,E020,P03585,29779287,121,5,12,1,ENDED
FI00322,2025-08-29T11:14:39,2025-09-25T02:36:39,E043,P00762,13435387,37,1,56,1,ENDED
FI00323,2026-03-02T16:52:39,2026-03-14T09:09:39,E028,P02756,7894090,64,0,33,1,ENDED
FI00324,2025-10-21T07:39:39,2025-11-19T07:07:39,E003,P04278,2754117,148,4,42,1,ENDED
FI00325,2026-05-27T20:12:39,2026-06-26T00:13:39,E020,P04833,14020819,84,1,51,1,ENDED
FI00326,2026-05-06T09:47:39,2026-05-26T12:56:39,E030,P01582,13838088,142,0,45,1,ENDED
FI00327,2025-10-01T14:19:39,2025-10-08T07:57:39,E035,P01996,19091953,59,4,60,1,ENDED
FI00328,2026-02-22T21:19:39,2026-03-18T09:12:39,E048,P02314,1672102,40,0,49,1,ENDED
FI00329,2025-06-11T05:12:39,2025-06-27T14:43:39,E050,P00368,14510230,180,1,69,1,ENDED
FI00330,2026-03-18T19:34:39,2026-04-07T23:35:39,E001,P00960,796126,19,2,68,1,ENDED
FI00331,2026-03-15T17:11:39,2026-04-06T08:56:39,E007,P04895,13422335,140,3,26,1,ENDED
FI00332,2025-08-24T00:29:39,2025-09-17T20:46:39,E018,P02378,13802404,207,1,43,1,ENDED
FI00333,2025-07-01T05:59:39,2025-07-12T06:41:39,E038,P00485,14438913,79,0,28,1,ENDED
FI00334,2025-12-20T05:17:39,2026-01-11T03:31:39,E037,P04324,23446283,11,9,51,1,ENDED
FI00335,2026-03-21T14:39:39,2026-03-29T12:46:39,E032,P01261,7915056,76,0,37,1,ENDED
FI00336,2025-07-26T15:53:39,2025-07-28T11:50:39,E036,P00652,33372995,81,5,10,1,UPCOMING
FI00337,2025-08-04T13:59:39,2025-08-13T21:53:39,E041,P01021,9658706,26,0,53,1,ACTIVE
FI00338,2026-05-01T23:02:39,2026-05-08T00:14:39,E010,P01165,6742793,143,0,15,1,ENDED
FI00339,2025-10-23T23:49:39,2025-11-20T18:57:39,E005,P01395,10402211,31,2,28,1,ENDED
FI00340,2026-02-24T19:08:39,2026-03-07T08:25:39,E027,P02165,29687717,184,2,14,1,ENDED
FI00341,2025-10-29T15:11:39,2025-11-13T10:46:39,E026,P04697,1278139,89,0,59,1,ENDED
FI00342,2025-07-04T02:29:39,2025-07-04T13:43:39,E014,P02842,7950888,146,0,55,1,ENDED
FI00343,2025-06-29T20:10:39,2025-07-15T01:34:39,E025,P01861,29051101,108,4,26,1,ENDED
FI00344,2025-07-31T19:11:39,2025-08-08T01:11:39,E036,P03389,5753097,42,5,47,1,UPCOMING
FI00345,2025-10-24T14:59:39,2025-11-04T12:42:39,E008,P00554,16090599,27,4,25,1,ENDED
FI00346,2025-10-27T13:03:39,2025-10-28T07:52:39,E021,P02661,13984048,90,2,33,1,ENDED
FI00347,2026-01-07T17:28:39,2026-01-12T00:04:39,E025,P04156,23572244,194,1,15,1,ENDED
FI00348,2025-12-14T01:59:39,2026-01-10T00:32:39,E034,P01013,291165,196,1,43,1,ENDED
FI00349,2025-11-04T04:09:39,2025-11-09T18:56:39,E023,P00055,3415893,24,4,67,1,ENDED
FI00350,2025-07-28T10:42:39,2025-08-03T19:10:39,E001,P01457,6676775,31,6,44,1,ENDED
FI00351,2026-02-03T10:55:39,2026-02-05T03:08:39,E024,P03815,9754584,195,0,15,1,ENDED
FI00352,2025-08-30T07:01:39,2025-09-25T16:00:39,E029,P01042,8790579,30,3,23,1,ENDED
FI00353,2026-04-01T12:56:39,2026-04-08T08:06:39,E012,P03307,2613611,188,4,62,1,ENDED
FI00354,2025-06-25T13:36:39,2025-07-08T19:40:39,E015,P04729,27872634,201,5,22,1,ENDED
FI00355,2026-04-25T10:18:39,2026-05-18T03:56:39,E034,P00779,17056519,98,2,66,1,ENDED
FI00356,2025-08-13T14:06:39,2025-08-29T21:26:39,E003,P03848,22338977,148,0,24,1,ENDED
FI00357,2025-07-18T06:36:39,2025-07-23T18:11:39,E031,P03226,4437851,179,4,16,1,ENDED
FI00358,2025-08-03T07:27:39,2025-08-16T00:35:39,E021,P03349,3449412,188,2,64,1,ENDED
FI00359,2026-01-25T22:33:39,2026-02-14T06:37:39,E031,P04557,16606166,206,4,24,1,ENDED
FI00360,2025-07-18T19:21:39,2025-07-31T11:21:39,E042,P04729,16437707,96,3,54,1,ENDED
FI00361,2025-06-18T13:10:39,2025-06-25T09:36:39,E043,P00922,36772204,36,3,15,1,ENDED
FI00362,2025-12-17T19:32:39,2026-01-06T12:33:39,E038,P04726,30874672,133,0,38,1,ENDED
FI00363,2025-07-14T06:39:39,2025-07-31T21:11:39,E022,P02133,35161294,54,5,22,1,ENDED
FI00364,2026-01-15T07:13:39,2026-01-26T18:51:39,E043,P01798,19505940,26,3,18,1,ENDED
FI00365,2026-02-07T14:39:39,2026-02-27T17:08:39,E049,P04772,15610052,97,4,66,1,ENDED
FI00366,2025-12-01T08:05:39,2025-12-06T06:55:39,E044,P02118,28465980,131,0,28,1,UPCOMING
FI00367,2025-10-09T12:51:39,2025-10-25T19:45:39,E023,P04090,15349762,44,2,21,1,ENDED
FI00368,2025-09-06T17:14:39,2025-09-22T21:02:39,E039,P02194,26109220,154,6,24,1,ENDED
FI00369,2026-02-11T02:58:39,2026-02-12T04:16:39,E047,P01809,8794564,58,0,24,1,ENDED
FI00370,2025-08-13T13:32:39,2025-09-06T00:11:39,E002,P04539,21253998,192,4,24,1,ENDED
FI00371,2026-06-06T11:56:39,2026-06-13T02:11:39,E026,P01306,17092042,116,0,36,1,ENDED
FI00372,2025-10-19T14:08:39,2025-10-23T08:21:39,E010,P00996,5944409,122,3,39,1,ENDED
FI00373,2026-01-31T14:57:39,2026-02-25T05:59:39,E028,P04871,17013496,199,2,60,1,ENDED
FI00374,2026-04-29T20:40:39,2026-05-01T15:00:39,E049,P04914,6408663,199,1,59,1,ENDED
FI00375,2026-05-11T17:47:39,2026-05-26T22:26:39,E001,P03368,14954933,51,2,54,1,ENDED
FI00376,2025-10-03T17:17:39,2025-10-25T07:58:39,E015,P01186,29179059,31,2,39,1,ENDED
FI00377,2025-08-11T19:58:39,2025-08-14T07:52:39,E018,P04067,15811036,149,2,44,1,ENDED
FI00378,2026-01-05T05:01:39,2026-01-19T18:47:39,E039,P04742,31583362,150,4,10,1,ENDED
FI00379,2026-02-10T20:37:39,2026-02-26T23:11:39,E032,P00621,7413566,123,2,49,1,ENDED
FI00380,2026-03-25T19:13:39,2026-04-20T10:23:39,E049,P04816,15255126,38,0,50,1,ENDED
FI00381,2025-09-29T03:11:39,2025-10-06T20:43:39,E018,P01958,17068200,13,0,27,1,ENDED
FI00382,2025-08-25T16:17:39,2025-09-12T04:36:39,E028,P00856,6204345,155,0,29,1,ENDED
FI00383,2026-05-07T10:19:39,2026-05-11T14:55:39,E010,P02866,7701748,195,3,24,1,ENDED
FI00384,2025-07-13T19:10:39,2025-08-09T11:02:39,E015,P03113,3871287,144,6,40,1,ENDED
FI00385,2026-04-22T03:47:39,2026-05-08T08:41:39,E043,P01347,33427144,73,3,14,1,ENDED
FI00386,2026-02-14T08:51:39,2026-03-13T09:23:39,E025,P04806,1990548,32,3,64,1,ENDED
FI00387,2026-04-30T16:11:39,2026-05-03T13:19:39,E021,P03434,11506862,81,8,61,1,ENDED
FI00388,2025-08-08T22:55:39,2025-08-15T15:55:39,E036,P02763,24692206,136,6,48,1,UPCOMING
FI00389,2025-12-27T10:12:39,2026-01-21T21:56:39,E048,P03820,2378272,40,0,13,1,ENDED
FI00390,2026-01-13T08:32:39,2026-01-30T08:33:39,E014,P01630,20420709,128,3,32,1,ENDED
FI00391,2025-06-20T09:09:39,2025-07-09T23:40:39,E014,P01922,10815610,161,2,27,1,ENDED
FI00392,2025-06-15T15:42:39,2025-06-26T19:17:39,E023,P02525,6204553,154,2,65,1,ENDED
FI00393,2025-09-29T15:57:39,2025-10-09T21:17:39,E045,P04226,21755780,135,1,56,1,ENDED
FI00394,2026-03-12T12:14:39,2026-03-16T22:37:39,E028,P02530,29464676,41,1,36,1,ENDED
FI00395,2025-08-31T09:17:39,2025-09-27T02:05:39,E046,P00546,13252759,188,3,34,1,ENDED
FI00396,2026-05-28T16:52:39,2026-06-17T14:30:39,E016,P01097,33193238,43,1,20,1,ENDED
FI00397,2025-10-28T06:11:39,2025-10-30T20:35:39,E015,P04579,16772678,104,1,60,1,ENDED
FI00398,2025-07-12T22:47:39,2025-07-27T21:26:39,E011,P03035,20477172,82,1,58,1,ENDED
FI00399,2026-04-09T05:26:39,2026-04-14T18:32:39,E031,P04675,7053306,196,0,62,1,ENDED
FI00400,2025-09-22T17:09:39,2025-10-04T09:31:39,E017,P01508,4226319,189,0,55,1,ENDED
FI00401,2025-07-07T11:58:39,2025-07-26T04:31:39,E015,P03283,15357455,93,0,42,1,ENDED
FI00402,2026-04-11T21:04:39,2026-04-17T11:56:39,E042,P04743,10835336,125,4,43,1,ENDED
FI00403,2025-08-03T13:18:39,2025-08-17T17:01:39,E041,P01568,35194540,204,0,21,1,ACTIVE
FI00404,2026-03-24T03:35:39,2026-04-07T12:36:39,E027,P04330,21205794,81,3,58,1,ENDED
FI00405,2025-10-16T20:51:39,2025-10-22T16:23:39,E046,P01910,11571773,195,0,35,1,ENDED
FI00406,2025-10-20T12:44:39,2025-11-04T22:12:39,E030,P01605,16921860,123,0,51,1,ENDED
FI00407,2025-06-23T00:38:39,2025-06-23T03:32:39,E050,P03375,3107545,83,1,48,1,ENDED
FI00408,2025-10-04T20:33:39,2025-10-09T08:38:39,E014,P03268,23056111,69,4,41,1,ENDED
FI00409,2025-07-13T13:12:39,2025-08-04T04:51:39,E048,P02441,16264129,57,0,55,1,ENDED
FI00410,2025-09-08T13:19:39,2025-09-11T09:23:39,E048,P00101,12246858,28,2,57,1,ENDED
FI00411,2025-10-09T22:36:39,2025-11-07T00:56:39,E014,P04222,515109,23,5,37,1,ENDED
FI00412,2025-07-11T21:41:39,2025-07-27T23:59:39,E044,P02844,20866558,182,3,51,1,UPCOMING
FI00413,2026-03-01T03:05:39,2026-03-16T01:01:39,E031,P00814,1767120,175,1,51,1,ENDED
FI00414,2025-07-01T10:21:39,2025-07-31T03:12:39,E041,P03658,25655984,134,3,30,1,ACTIVE
FI00415,2025-10-11T09:52:39,2025-10-30T08:45:39,E033,P04824,15316452,35,0,16,1,ENDED
FI00416,2025-07-06T21:53:39,2025-07-14T18:29:39,E045,P02685,5162637,172,1,70,1,ENDED
FI00417,2026-02-24T14:15:39,2026-03-22T09:10:39,E023,P03703,40197149,121,1,18,1,ENDED
FI00418,2025-08-13T20:39:39,2025-08-22T11:57:39,E044,P01481,5714106,202,4,53,1,UPCOMING
FI00419,2026-05-25T12:01:39,2026-05-29T08:59:39,E042,P03335,14848372,91,4,31,1,ENDED
FI00420,2025-07-01T01:31:39,2025-07-14T06:54:39,E023,P02869,10365062,98,0,40,1,ENDED
FI00421,2025-10-07T19:48:39,2025-10-27T16:35:39,E012,P00664,2135357,43,3,42,1,ENDED
FI00422,2026-04-21T05:42:39,2026-05-01T20:50:39,E001,P00562,33215415,108,2,11,1,ENDED
FI00423,2026-02-09T13:15:39,2026-02-25T09:30:39,E035,P02962,1512455,124,3,68,1,ENDED
FI00424,2026-02-06T02:34:39,2026-02-23T07:51:39,E016,P01164,7816786,60,1,31,1,ENDED
FI00425,2026-03-13T14:20:39,2026-03-20T09:56:39,E040,P03270,24061117,124,4,40,1,ENDED
FI00426,2026-04-11T20:41:39,2026-04-22T11:43:39,E027,P01579,1413724,81,4,56,1,ENDED
FI00427,2025-10-20T18:01:39,2025-11-19T23:54:39,E034,P03806,17254099,39,3,36,1,ENDED
FI00428,2026-04-16T05:42:39,2026-04-21T06:48:39,E037,P04973,3637782,193,2,30,1,ENDED
FI00429,2025-11-09T21:11:39,2025-11-13T23:20:39,E017,P04212,11401270,86,0,31,1,ENDED
FI00430,2026-03-29T03:01:39,2026-04-10T17:15:39,E014,P02490,6793963,201,2,22,1,ENDED
FI00431,2025-11-19T05:54:39,2025-11-27T17:05:39,E050,P04758,37215840,68,1,13,1,ENDED
FI00432,2026-01-20T22:44:39,2026-02-09T03:36:39,E031,P03105,32113724,185,1,18,1,ENDED
FI00433,2025-09-19T07:50:39,2025-10-02T21:24:39,E007,P04162,9333633,202,3,69,1,ENDED
FI00434,2026-02-16T05:24:39,2026-02-22T21:15:39,E020,P01033,11381255,20,1,63,1,ENDED
FI00435,2025-11-01T11:25:39,2025-11-08T15:37:39,E008,P00301,19333959,153,0,18,1,ENDED
FI00436,2026-04-28T19:48:39,2026-05-12T14:36:39,E043,P03280,18132579,110,3,60,1,ENDED
FI00437,2026-02-07T10:32:39,2026-02-10T11:41:39,E021,P01022,10346869,117,0,56,1,ENDED
FI00438,2026-01-06T09:24:39,2026-01-29T09:58:39,E049,P01705,10943430,207,1,19,1,ENDED
FI00439,2025-11-29T01:23:39,2025-12-18T01:09:39,E041,P00208,31143293,66,4,13,1,ACTIVE
FI00440,2026-06-07T16:21:39,2026-06-27T01:14:39,E029,P04738,2729528,84,3,25,1,ENDED
FI00441,2026-06-07T01:19:39,2026-06-22T08:26:39,E048,P01325,11903614,159,0,46,1,ENDED
FI00442,2026-01-23T22:11:39,2026-02-01T05:23:39,E002,P02610,1829863,54,4,54,1,ENDED
FI00443,2026-04-17T22:13:39,2026-05-04T18:16:39,E038,P02494,2622520,200,4,52,1,ENDED
FI00444,2026-04-07T11:45:39,2026-04-29T11:19:39,E042,P02071,24236023,170,1,47,1,ENDED
FI00445,2026-06-09T16:59:39,2026-07-01T11:18:39,E040,P00424,537986,48,0,25,1,ENDED
FI00446,2025-10-08T15:42:39,2025-10-15T11:55:39,E004,P01886,29475843,184,4,32,1,ENDED
FI00447,2025-12-18T12:23:39,2026-01-15T21:21:39,E032,P03929,7345822,196,3,49,1,ENDED
FI00448,2026-03-30T07:15:39,2026-04-26T06:26:39,E025,P03269,30322292,16,3,25,1,ENDED
FI00449,2025-11-05T12:18:39,2025-11-12T01:54:39,E013,P04825,5562813,35,5,56,1,ENDED
FI00450,2026-02-27T09:27:39,2026-03-21T11:29:39,E043,P00315,2490945,64,1,54,1,ENDED
FI00451,2026-03-24T12:42:39,2026-03-27T12:23:39,E016,P01652,14522990,98,1,64,1,ENDED
FI00452,2025-11-13T06:22:39,2025-11-18T18:56:39,E037,P00952,15251902,121,5,26,1,ENDED
FI00453,2025-08-15T22:20:39,2025-08-30T20:21:39,E002,P03956,3976684,52,1,14,1,ENDED
FI00454,2025-11-15T00:57:39,2025-12-12T16:13:39,E038,P02447,14281848,207,2,51,1,ENDED
FI00455,2026-06-06T17:51:39,2026-06-21T01:54:39,E034,P01925,25712527,88,2,21,1,ENDED
FI00456,2025-06-27T21:21:39,2025-06-28T17:59:39,E010,P00808,12292805,24,3,44,1,ENDED
FI00457,2025-08-02T23:42:39,2025-08-11T21:58:39,E022,P01520,22387925,116,0,11,1,ENDED
FI00458,2025-12-25T21:45:39,2026-01-06T22:04:39,E008,P01203,18210438,165,0,36,1,ENDED
FI00459,2026-05-19T23:19:39,2026-05-28T13:09:39,E021,P00682,17963937,189,3,45,1,ENDED
FI00460,2025-08-06T20:10:39,2025-08-15T11:20:39,E002,P03960,14550343,12,3,39,1,ENDED
FI00461,2025-07-23T12:07:39,2025-07-26T13:00:39,E017,P01534,1085318,201,0,68,1,ENDED
FI00462,2025-12-20T03:36:39,2025-12-30T18:27:39,E037,P00107,16886184,191,1,64,1,ENDED
FI00463,2025-09-22T08:28:39,2025-10-02T09:57:39,E033,P01077,28446828,61,2,43,1,ENDED
FI00464,2026-03-07T11:05:39,2026-04-06T01:55:39,E006,P00259,20502059,22,2,50,1,ENDED
FI00465,2025-06-14T16:29:39,2025-07-08T15:23:39,E038,P03286,9846726,184,1,46,1,ENDED
FI00466,2026-02-09T21:09:39,2026-02-15T09:52:39,E009,P04914,6408663,135,2,59,1,ENDED
FI00467,2026-01-03T07:26:39,2026-01-28T15:39:39,E001,P02153,22309762,146,2,50,1,ENDED
FI00468,2025-11-08T06:21:39,2025-11-21T21:16:39,E049,P02399,26077569,71,2,14,1,ENDED
FI00469,2025-08-31T00:10:39,2025-09-29T16:30:39,E002,P01479,11104566,29,4,60,1,ENDED
FI00470,2026-03-08T18:22:39,2026-04-06T01:31:39,E012,P04695,13088958,89,4,40,1,ENDED
FI00471,2026-05-28T19:13:39,2026-06-25T23:03:39,E014,P04868,17482112,129,0,24,1,ENDED
FI00472,2025-08-02T08:03:39,2025-08-17T19:44:39,E003,P01508,3287137,12,8,65,1,ENDED
FI00473,2026-04-15T08:21:39,2026-05-01T14:07:39,E038,P01461,7874728,167,2,20,1,ENDED
FI00474,2025-11-06T06:55:39,2025-11-20T05:45:39,E032,P01597,17212857,42,4,56,1,ENDED
FI00475,2025-08-09T18:19:39,2025-09-02T12:25:39,E003,P01229,808707,28,0,42,1,ENDED
FI00476,2026-05-20T11:03:39,2026-06-10T01:05:39,E040,P04915,7102424,20,2,52,1,ENDED
FI00477,2026-05-12T00:12:39,2026-05-16T16:48:39,E020,P04010,1340119,191,2,69,1,ENDED
FI00478,2025-07-04T11:00:39,2025-07-04T11:49:39,E033,P04100,3296146,89,3,26,1,ENDED
FI00479,2025-10-27T14:45:39,2025-11-18T00:16:39,E028,P04725,21746336,12,0,37,1,ENDED
FI00480,2026-02-25T22:23:39,2026-03-24T15:02:39,E019,P00697,17001222,14,5,66,1,ENDED
FI00481,2025-08-25T21:58:39,2025-09-09T03:09:39,E049,P02263,6479216,95,1,55,1,ENDED
FI00482,2026-01-05T20:33:39,2026-01-10T14:04:39,E045,P03202,15933408,88,4,39,1,ENDED
FI00483,2025-10-30T12:04:39,2025-11-20T00:24:39,E011,P01720,28195238,148,0,42,1,ENDED
FI00484,2025-12-30T14:28:39,2026-01-24T02:53:39,E048,P04819,26613988,85,3,18,1,ENDED
FI00485,2025-06-24T13:51:39,2025-06-25T07:57:39,E028,P04074,7399329,124,1,42,1,ENDED
FI00486,2026-03-14T23:01:39,2026-03-31T21:08:39,E011,P00118,24186350,177,0,36,1,ENDED
FI00487,2025-09-19T15:41:39,2025-09-28T11:45:39,E027,P01354,23567074,107,2,17,1,ENDED
FI00488,2025-12-11T05:10:39,2025-12-19T06:14:39,E017,P02208,10341776,165,0,36,1,ENDED
FI00489,2026-03-21T05:17:39,2026-03-24T12:34:39,E024,P00767,17131332,173,6,34,1,ENDED
FI00490,2025-12-30T22:58:39,2026-01-21T04:27:39,E013,P01841,4360455,163,0,20,1,ENDED
FI00491,2025-09-18T18:10:39,2025-10-03T18:29:39,E038,P00500,9271147,48,1,27,1,ENDED
FI00492,2025-06-29T21:18:39,2025-07-05T12:52:39,E032,P04604,6781331,29,1,61,1,ENDED
FI00493,2026-01-10T16:46:39,2026-01-16T07:01:39,E010,P02488,5894402,51,0,67,1,ENDED
FI00494,2025-11-23T01:13:39,2025-12-20T08:11:39,E020,P01286,39509058,28,1,20,1,ENDED
FI00495,2026-05-05T20:00:39,2026-05-17T17:54:39,E003,P02014,19083734,117,6,32,1,ENDED
FI00496,2026-05-03T05:25:39,2026-05-27T19:52:39,E048,P01737,16578521,76,3,32,1,ENDED
FI00497,2025-09-20T01:56:39,2025-09-29T06:56:39,E032,P02431,41555491,145,4,14,1,ENDED
FI00498,2025-10-30T06:15:39,2025-11-03T19:32:39,E006,P01856,3434642,197,0,28,1,ENDED
FI00499,2025-11-16T00:21:39,2025-11-29T23:32:39,E039,P02372,13756582,190,5,54,1,ENDED
FI00500,2025-12-16T02:08:39,2026-01-11T21:17:39,E004,P03926,18907561,46,0,21,1,ENDED
FI00501,2025-06-10T21:08:39,2025-07-09T05:26:39,E017,P04745,18761563,132,1,20,1,ENDED
FI00502,2025-10-30T21:56:39,2025-11-05T13:14:39,E050,P00856,7427737,115,8,15,1,ENDED
FI00503,2025-07-06T05:50:39,2025-07-28T19:53:39,E014,P04124,11423538,33,3,41,1,ENDED
FI00504,2026-04-01T06:52:39,2026-04-09T19:00:39,E030,P00298,10017194,166,0,13,1,ENDED
FI00505,2026-04-12T11:08:39,2026-04-12T11:23:39,E011,P03355,5245589,34,6,61,1,ENDED
FI00506,2026-03-02T16:44:39,2026-03-12T02:09:39,E027,P02646,18149196,98,8,27,1,ENDED
FI00507,2025-06-10T10:40:39,2025-06-23T22:10:39,E012,P02691,8161605,181,6,55,1,ENDED
FI00508,2026-04-14T06:08:39,2026-04-21T21:09:39,E024,P04039,15815712,203,5,63,1,ENDED
FI00509,2026-03-18T12:58:39,2026-04-01T04:13:39,E006,P00957,3746066,116,2,46,1,ENDED
FI00510,2025-08-07T10:14:39,2025-08-17T15:28:39,E040,P04180,1061671,106,1,61,1,ENDED
FI00511,2025-11-26T02:36:39,2025-12-13T04:26:39,E012,P00116,11606283,93,2,22,1,ENDED
FI00512,2025-11-29T11:43:39,2025-11-30T11:17:39,E027,P04497,4992476,109,2,36,1,ENDED
FI00513,2026-01-11T18:09:39,2026-01-13T20:18:39,E021,P00483,12391417,28,2,34,1,ENDED
FI00514,2025-06-30T18:11:39,2025-07-10T15:12:39,E008,P03128,16263623,172,0,58,1,ENDED
FI00515,2026-05-27T23:36:39,2026-06-11T21:20:39,E035,P04107,9693628,43,0,65,1,ENDED
FI00516,2025-09-26T08:01:39,2025-10-14T23:04:39,E001,P03949,8790745,206,0,59,1,ENDED
FI00517,2025-09-09T22:47:39,2025-10-05T04:48:39,E047,P01912,4396682,25,3,62,1,ENDED
FI00518,2026-01-21T17:46:39,2026-01-31T07:44:39,E049,P04264,20214879,203,1,44,1,ENDED
FI00519,2025-09-22T23:52:39,2025-10-18T07:09:39,E011,P00108,6053831,175,4,34,1,ENDED
FI00520,2026-03-03T19:15:39,2026-03-07T00:16:39,E014,P02572,4351092,187,0,17,1,ENDED
FI00521,2026-04-12T21:27:39,2026-05-05T02:05:39,E012,P03547,14874110,81,1,37,1,ENDED
FI00522,2026-05-10T09:03:39,2026-06-06T23:32:39,E032,P04414,2451739,116,0,23,1,ENDED
FI00523,2025-10-13T01:44:39,2025-10-16T08:46:39,E043,P01286,38027468,87,3,23,1,ENDED
FI00524,2025-10-30T16:49:39,2025-11-03T10:22:39,E048,P01480,15405808,106,4,66,1,ENDED
FI00525,2026-02-11T21:54:39,2026-02-16T04:06:39,E025,P01404,30160126,187,3,26,1,ENDED
FI00526,2026-05-18T09:38:39,2026-05-24T09:12:39,E014,P03075,4925930,112,1,25,1,ENDED
FI00527,2025-12-23T01:02:39,2025-12-26T02:59:39,E015,P00043,2670134,142,2,41,1,ENDED
FI00528,2026-01-27T13:33:39,2026-02-21T01:57:39,E014,P01339,15458028,91,3,67,1,ENDED
FI00529,2025-08-04T09:11:39,2025-08-09T01:56:39,E034,P04222,441522,60,0,46,1,ENDED
FI00530,2026-01-23T13:46:39,2026-01-25T00:46:39,E036,P03397,7556176,159,1,50,1,UPCOMING
FI00531,2025-07-03T23:14:39,2025-08-02T08:31:39,E044,P02735,38035582,95,0,12,1,UPCOMING
FI00532,2025-10-14T09:26:39,2025-11-03T04:41:39,E028,P02133,22539291,25,0,50,1,ENDED
FI00533,2025-08-04T01:01:39,2025-08-11T18:44:39,E023,P04332,11145172,88,5,24,1,ENDED
FI00534,2026-01-04T23:59:39,2026-01-22T06:31:39,E046,P01755,1437463,180,2,49,1,ENDED
FI00535,2025-07-09T11:00:39,2025-07-15T12:49:39,E006,P03854,2115673,113,2,29,1,ENDED
FI00536,2025-06-16T12:59:39,2025-07-08T07:34:39,E022,P04012,19709531,104,2,32,1,ENDED
FI00537,2025-06-19T09:14:39,2025-07-07T01:56:39,E019,P02845,20636630,70,0,33,1,ENDED
FI00538,2025-07-12T03:18:39,2025-07-20T11:44:39,E037,P01069,17516532,29,2,46,1,ENDED
FI00539,2026-02-03T02:10:39,2026-02-21T09:28:39,E006,P03800,33874170,194,2,18,1,ENDED
FI00540,2025-06-24T02:20:39,2025-07-11T13:16:39,E005,P02003,4233372,15,1,63,1,ENDED
FI00541,2025-06-19T09:35:39,2025-06-23T01:21:39,E040,P04050,10113741,95,3,64,1,ENDED
FI00542,2025-10-22T12:38:39,2025-10-26T13:43:39,E010,P00486,10025082,17,1,66,1,ENDED
FI00543,2025-09-26T01:29:39,2025-10-25T18:26:39,E036,P03855,15955798,117,0,37,1,UPCOMING
FI00544,2025-09-13T00:14:39,2025-10-04T20:15:39,E012,P03293,12439005,28,1,65,1,ENDED
FI00545,2026-01-04T02:12:39,2026-01-17T14:17:39,E020,P00988,12781865,157,0,40,1,ENDED
FI00546,2026-02-19T06:43:39,2026-03-20T11:41:39,E003,P03196,2154297,194,2,26,1,ENDED
FI00547,2025-10-12T08:58:39,2025-10-19T02:19:39,E034,P02053,4013652,54,0,50,1,ENDED
FI00548,2026-04-09T04:04:39,2026-05-08T09:01:39,E029,P03760,15189300,44,2,40,1,ENDED
FI00549,2026-04-10T14:18:39,2026-04-21T02:29:39,E044,P03384,4276875,157,3,44,1,UPCOMING
FI00550,2025-07-09T02:28:39,2025-08-03T00:15:39,E010,P02612,1847616,203,0,61,1,ENDED
FI00551,2025-08-21T01:14:39,2025-09-16T01:21:39,E020,P03096,27973634,11,0,27,1,ENDED
FI00552,2025-10-31T00:22:39,2025-11-06T00:07:39,E042,P02341,10860422,122,3,12,1,ENDED
FI00553,2025-09-29T17:05:39,2025-10-26T16:50:39,E002,P01876,7280824,150,5,64,1,ENDED
FI00554,2025-11-12T11:26:39,2025-11-18T22:53:39,E006,P02896,7527010,201,0,67,1,ENDED
FI00555,2025-08-14T23:51:39,2025-09-08T23:59:39,E016,P02175,12849542,98,2,70,1,ENDED
FI00556,2026-03-13T14:30:39,2026-03-22T20:06:39,E022,P04188,21006085,52,3,41,1,ENDED
FI00557,2025-10-31T11:13:39,2025-11-16T10:29:39,E005,P01393,21774953,153,1,39,1,ENDED
FI00558,2025-08-08T22:43:39,2025-08-20T13:54:39,E006,P00674,26944355,35,3,10,1,ENDED
FI00559,2026-06-03T07:34:39,2026-06-09T02:58:39,E034,P01147,2997784,119,1,67,1,ENDED
FI00560,2026-03-06T22:19:39,2026-03-08T07:51:39,E005,P00106,34458896,68,0,19,1,ENDED
FI00561,2025-10-26T09:43:39,2025-11-06T11:00:39,E036,P04065,14125161,89,2,57,1,UPCOMING
FI00562,2026-01-10T00:26:39,2026-01-10T13:23:39,E020,P04736,21329295,123,2,36,1,ENDED
FI00563,2025-08-13T11:29:39,2025-08-16T02:29:39,E034,P00681,18236332,52,0,52,1,ENDED
FI00564,2026-02-10T03:27:39,2026-02-16T08:36:39,E008,P01156,30953734,82,0,29,1,ENDED
FI00565,2025-10-27T11:34:39,2025-11-16T15:32:39,E019,P00752,7613029,155,0,66,1,ENDED
FI00566,2026-01-26T12:43:39,2026-01-31T18:55:39,E034,P00424,279753,164,0,61,1,ENDED
FI00567,2026-05-11T15:33:39,2026-05-20T09:52:39,E029,P04788,7302968,17,6,32,1,ENDED
FI00568,2025-07-29T16:46:39,2025-08-19T00:15:39,E032,P03562,8911000,132,1,27,1,ENDED
FI00569,2025-08-31T02:00:39,2025-09-05T15:17:39,E022,P02597,8414714,173,0,17,1,ENDED
FI00570,2025-07-31T05:21:39,2025-08-25T09:26:39,E015,P03994,23360884,59,3,38,1,ENDED
FI00571,2025-08-16T22:14:39,2025-08-28T12:46:39,E029,P04821,6165854,11,0,25,1,ENDED
FI00572,2025-09-24T01:07:39,2025-10-21T08:14:39,E032,P00599,18334102,128,3,51,1,ENDED
FI00573,2025-09-24T22:28:39,2025-10-19T15:35:39,E007,P01143,17667639,168,0,39,1,ENDED
FI00574,2026-03-10T12:38:39,2026-03-23T03:15:39,E011,P01339,28573931,168,4,39,1,ENDED
FI00575,2026-04-21T07:59:39,2026-05-21T22:47:39,E024,P01236,2686411,78,9,69,1,ENDED
FI00576,2025-08-13T19:31:39,2025-09-11T03:02:39,E001,P03413,12716814,37,3,61,1,ENDED
FI00577,2026-02-03T14:23:39,2026-02-21T02:11:39,E046,P02418,6315339,39,2,42,1,ENDED
FI00578,2025-11-28T12:55:39,2025-12-18T12:23:39,E019,P02798,16543018,44,2,67,1,ENDED
FI00579,2026-01-05T08:25:39,2026-02-02T16:51:39,E023,P03766,15276979,30,5,36,1,ENDED
FI00580,2025-11-25T02:19:39,2025-11-30T21:25:39,E006,P02667,3323123,175,2,46,1,ENDED
FI00581,2026-01-27T13:05:39,2026-02-05T23:05:39,E025,P00641,18321503,102,1,53,1,ENDED
FI00582,2025-11-28T05:54:39,2025-12-24T11:40:39,E022,P03674,3929175,122,1,48,1,ENDED
FI00583,2026-03-20T19:33:39,2026-03-22T04:51:39,E014,P02479,16038690,127,2,16,1,ENDED
FI00584,2025-12-25T11:12:39,2026-01-23T18:17:39,E008,P04225,7353356,114,0,59,1,ENDED
FI00585,2025-08-25T23:43:39,2025-09-24T05:49:39,E025,P02435,22099188,102,4,56,1,ENDED
FI00586,2026-04-29T22:01:39,2026-05-08T11:07:39,E038,P04160,3370865,104,1,65,1,ENDED
FI00587,2025-09-10T18:56:39,2025-10-01T16:12:39,E024,P00135,8466734,65,6,70,1,ENDED
FI00588,2025-06-13T15:02:39,2025-07-02T03:28:39,E023,P01200,5843172,204,8,49,1,ENDED
FI00589,2025-07-25T14:44:39,2025-08-22T07:50:39,E019,P02424,26904060,70,3,39,1,ENDED
FI00590,2026-06-04T00:46:39,2026-06-28T01:13:39,E046,P01612,11980391,157,0,51,1,ENDED
FI00591,2025-07-14T07:08:39,2025-07-23T12:24:39,E030,P00030,35783960,88,3,22,1,ENDED
FI00592,2025-10-02T03:07:39,2025-10-10T14:59:39,E017,P04972,15537729,165,0,42,1,ENDED
FI00593,2026-03-11T07:17:39,2026-03-14T22:48:39,E014,P00706,23933557,81,1,45,1,ENDED
FI00594,2025-10-11T17:26:39,2025-10-25T12:10:39,E002,P02713,32421561,114,2,16,1,ENDED
FI00595,2026-01-22T12:02:39,2026-01-31T11:14:39,E024,P04769,13879078,134,7,34,1,ENDED
FI00596,2026-05-17T14:35:39,2026-06-02T15:41:39,E025,P03459,19727096,40,5,27,1,ENDED
FI00597,2025-09-13T07:31:39,2025-10-11T22:03:39,E008,P02790,9584975,28,3,61,1,ENDED
FI00598,2026-05-30T23:08:39,2026-06-04T05:22:39,E019,P00839,13896129,163,4,39,1,ENDED
FI00599,2026-01-26T16:07:39,2026-01-28T19:21:39,E005,P03205,20036570,81,1,30,1,ENDED
FI00600,2025-11-02T10:36:39,2025-11-03T13:35:39,E007,P00069,8102861,105,3,60,1,ENDED
FI00601,2025-09-16T07:30:39,2025-09-19T22:40:39,E025,P00034,11937021,102,4,45,1,ENDED
FI00602,2026-02-02T15:45:39,2026-02-23T19:38:39,E004,P04846,16147187,76,2,36,1,ENDED
FI00603,2025-09-26T08:29:39,2025-09-29T09:14:39,E030,P00720,4186244,73,0,56,1,ENDED
FI00604,2025-12-17T19:28:39,2026-01-12T11:17:39,E033,P02859,23914122,182,0,38,1,ENDED
FI00605,2026-06-04T01:45:39,2026-06-20T04:55:39,E012,P00990,4290217,175,3,29,1,ENDED
FI00606,2025-09-10T01:23:39,2025-09-10T20:26:39,E008,P02889,1261098,142,3,50,1,ENDED
FI00607,2025-07-22T08:36:39,2025-08-10T04:56:39,E049,P00301,11317440,55,2,52,1,ENDED
FI00608,2026-01-25T03:43:39,2026-02-06T05:16:39,E031,P04762,15628281,127,0,21,1,ENDED
FI00609,2026-05-26T04:18:39,2026-06-16T12:44:39,E031,P02093,5997913,195,2,59,1,ENDED
FI00610,2026-04-27T10:20:39,2026-05-15T01:31:39,E019,P02934,15517101,65,4,60,1,ENDED
FI00611,2026-01-15T12:03:39,2026-01-19T22:35:39,E008,P03870,7759248,33,3,22,1,ENDED
FI00612,2026-01-06T19:20:39,2026-01-17T07:51:39,E037,P04935,14994470,72,4,68,1,ENDED
FI00613,2026-01-16T20:08:39,2026-01-24T06:59:39,E007,P02451,21653895,78,1,35,1,ENDED
FI00614,2025-09-19T05:54:39,2025-10-10T11:37:39,E034,P00866,23821511,17,3,21,1,ENDED
FI00615,2025-10-03T08:18:39,2025-10-08T18:59:39,E048,P02473,17742160,83,0,18,1,ENDED
FI00616,2026-03-16T04:41:39,2026-03-18T18:26:39,E017,P00050,32952103,188,0,23,1,ENDED
FI00617,2025-11-25T02:45:39,2025-12-14T14:00:39,E022,P02126,25155229,64,1,43,1,ENDED
FI00618,2025-11-10T09:17:39,2025-11-23T03:52:39,E030,P03319,36709340,123,3,15,1,ENDED
FI00619,2025-12-03T10:39:39,2025-12-18T08:07:39,E031,P04614,36523198,141,3,14,1,ENDED
FI00620,2026-03-29T00:37:39,2026-04-05T05:29:39,E044,P03676,6760326,153,2,64,1,UPCOMING
FI00621,2026-05-02T09:51:39,2026-05-11T21:54:39,E029,P02599,27067930,104,2,29,1,ENDED
FI00622,2025-10-08T14:46:39,2025-10-28T15:58:39,E009,P04887,6514459,63,5,59,1,ENDED
FI00623,2026-01-18T08:32:39,2026-01-31T07:25:39,E021,P02181,11904277,201,3,54,1,ENDED
FI00624,2025-11-09T22:51:39,2025-11-21T19:39:39,E047,P01859,5119622,112,4,58,1,ENDED
FI00625,2025-06-26T16:00:39,2025-07-03T10:40:39,E029,P01872,30846573,130,1,24,1,ENDED
FI00626,2026-04-09T11:08:39,2026-04-21T15:01:39,E043,P04824,15681130,141,0,14,1,ENDED
FI00627,2025-08-08T03:17:39,2025-09-03T22:49:39,E035,P01993,7788992,51,0,19,1,ENDED
FI00628,2025-07-29T21:06:39,2025-08-13T12:17:39,E030,P01786,18919975,19,4,18,1,ENDED
FI00629,2025-09-02T17:16:39,2025-09-22T12:37:39,E047,P00092,37984518,107,5,13,1,ENDED
FI00630,2026-05-28T20:50:39,2026-06-18T02:51:39,E030,P04512,2212811,177,1,24,1,ENDED
FI00631,2025-12-25T15:55:39,2026-01-18T18:29:39,E041,P02553,10104555,41,0,16,1,ACTIVE
FI00632,2026-05-27T04:28:39,2026-06-16T00:09:39,E032,P02155,22029606,183,3,12,1,ENDED
FI00633,2025-09-29T07:55:39,2025-10-20T06:24:39,E013,P00116,13391865,184,2,10,1,ENDED
FI00634,2026-02-17T03:18:39,2026-03-07T19:16:39,E013,P04015,10138686,121,2,42,1,ENDED
FI00635,2025-07-20T07:21:39,2025-08-01T21:53:39,E046,P03035,39004138,42,0,20,1,ENDED
FI00636,2025-09-05T22:29:39,2025-09-30T23:08:39,E011,P00975,3573072,121,5,22,1,ENDED
FI00637,2026-01-10T04:30:39,2026-02-10T03:42:39,E040,P04974,19626612,36,0,32,1,ENDED
FI00638,2025-12-04T08:33:39,2025-12-14T08:48:39,E043,P00074,639699,163,1,52,1,ENDED
FI00639,2025-10-17T02:43:39,2025-10-24T03:04:39,E015,P03817,2680173,80,5,16,1,ENDED
FI00640,2026-05-06T18:39:39,2026-05-28T11:05:39,E039,P03010,3552396,155,3,63,1,ENDED
FI00641,2025-12-12T22:05:39,2026-01-09T07:15:39,E008,P01581,17365282,34,0,54,1,ENDED
FI00642,2026-03-31T17:18:39,2026-04-24T04:18:39,E018,P03796,3758639,49,0,49,1,ENDED
FI00643,2026-04-21T20:55:39,2026-04-30T12:50:39,E026,P02398,28542106,16,3,22,1,ENDED
FI00644,2025-09-17T15:01:39,2025-10-15T14:37:39,E033,P00914,33092506,150,0,27,1,ENDED
FI00645,2025-11-19T02:07:39,2025-12-18T05:56:39,E049,P03190,8638965,148,7,53,1,ENDED
FI00646,2025-06-12T09:54:39,2025-07-12T06:55:39,E044,P00780,27131899,151,1,42,1,UPCOMING
FI00647,2026-04-08T13:25:39,2026-05-06T22:54:39,E043,P00479,7845875,175,0,32,1,ENDED
FI00648,2025-07-14T04:41:39,2025-07-21T21:50:39,E005,P04726,42826158,14,0,14,1,ENDED
FI00649,2026-02-15T01:06:39,2026-03-10T22:52:39,E036,P01847,15818225,20,6,45,1,UPCOMING
FI00650,2026-01-19T20:27:39,2026-02-02T09:25:39,E005,P04444,1651578,105,4,16,1,ENDED
FI00651,2025-07-23T09:04:39,2025-08-04T08:09:39,E048,P02972,2664587,140,0,42,1,ENDED
FI00652,2026-01-30T14:11:39,2026-02-28T06:05:39,E020,P03841,8278669,147,1,68,1,ENDED
FI00653,2026-05-15T12:34:39,2026-06-12T13:00:39,E016,P00759,26984131,72,6,23,1,ENDED
FI00654,2026-05-22T09:50:39,2026-06-04T04:04:39,E034,P03325,13121970,199,2,63,1,ENDED
FI00655,2026-04-19T11:05:39,2026-05-10T09:23:39,E003,P01846,26191980,66,2,26,1,ENDED
FI00656,2026-02-14T01:34:39,2026-03-08T12:37:39,E032,P03853,25689710,28,3,45,1,ENDED
FI00657,2025-11-17T04:03:39,2025-11-27T22:55:39,E048,P01650,4774204,182,5,66,1,ENDED
FI00658,2025-08-26T22:22:39,2025-09-19T07:49:39,E034,P02669,11411458,82,2,41,1,ENDED
FI00659,2025-12-27T22:57:39,2026-01-12T07:58:39,E013,P01408,28172236,28,7,31,1,ENDED
FI00660,2025-09-23T05:20:39,2025-10-13T20:23:39,E049,P00266,27247527,83,0,15,1,ENDED
FI00661,2026-03-02T01:41:39,2026-03-26T10:25:39,E028,P02212,15711041,168,0,25,1,ENDED
FI00662,2025-07-01T23:57:39,2025-07-02T05:59:39,E006,P04091,13239041,78,0,52,1,ENDED
FI00663,2025-06-19T09:37:39,2025-07-05T10:39:39,E038,P01384,13432955,169,1,45,1,ENDED
FI00664,2025-09-11T03:08:39,2025-09-18T05:34:39,E002,P00382,11350367,174,1,69,1,ENDED
FI00665,2026-05-17T02:37:39,2026-06-01T13:57:39,E016,P01859,4144456,181,4,66,1,ENDED
FI00666,2025-10-23T23:11:39,2025-11-22T06:45:39,E007,P00575,23831255,48,0,41,1,ENDED
FI00667,2025-11-03T11:51:39,2025-11-09T18:06:39,E041,P00757,2930414,167,1,29,1,ACTIVE
FI00668,2026-04-16T20:04:39,2026-04-28T16:33:39,E013,P02836,18631273,202,4,53,1,ENDED
FI00669,2026-04-13T15:03:39,2026-05-01T03:24:39,E012,P04759,9337183,64,1,68,1,ENDED
FI00670,2025-10-19T14:12:39,2025-10-22T11:17:39,E017,P04421,9463770,63,2,16,1,ENDED
FI00671,2025-09-08T13:47:39,2025-09-13T02:01:39,E002,P00544,6201186,90,3,70,1,ENDED
FI00672,2026-04-29T01:01:39,2026-05-02T15:32:39,E012,P01479,10826951,159,3,61,1,ENDED
FI00673,2026-03-21T20:15:39,2026-04-01T12:44:39,E030,P01827,4196355,178,2,48,1,ENDED
FI00674,2025-07-21T22:53:39,2025-08-21T09:00:39,E014,P02320,18323243,52,2,25,1,ENDED
FI00675,2025-07-14T11:32:39,2025-08-04T03:14:39,E008,P01300,9342273,148,2,39,1,ENDED
FI00676,2025-08-06T20:28:39,2025-08-11T00:33:39,E037,P04957,29910780,176,4,39,1,ENDED
FI00677,2025-07-13T07:14:39,2025-08-01T04:48:39,E019,P02339,25644456,104,1,21,1,ENDED
FI00678,2026-06-01T19:11:39,2026-06-15T08:16:39,E030,P04664,5562032,172,1,10,1,ENDED
FI00679,2026-03-20T19:50:39,2026-03-24T11:40:39,E027,P01416,32363734,19,2,24,1,ENDED
FI00680,2025-10-18T02:44:39,2025-11-12T22:28:39,E033,P02215,17551338,58,3,28,1,ENDED
FI00681,2026-06-03T02:00:39,2026-06-14T22:43:39,E026,P02108,5930116,82,2,22,1,ENDED
FI00682,2026-02-19T07:45:39,2026-02-24T18:35:39,E028,P00438,10779488,34,1,43,1,ENDED
FI00683,2025-06-27T04:07:39,2025-07-22T10:45:39,E005,P01417,20047015,104,3,60,1,ENDED
FI00684,2026-02-13T13:08:39,2026-03-07T17:23:39,E039,P02917,32449673,50,4,12,1,ENDED
FI00685,2025-10-01T14:57:39,2025-10-17T13:10:39,E033,P04177,34649389,87,5,20,1,ENDED
FI00686,2026-03-04T08:36:39,2026-03-31T04:06:39,E020,P03189,1485885,111,4,21,1,ENDED
FI00687,2025-12-27T14:56:39,2026-01-01T12:35:39,E023,P04570,23941305,83,5,10,1,ENDED
FI00688,2025-07-21T03:23:39,2025-07-23T03:09:39,E021,P03420,8754639,169,0,61,1,ENDED
FI00689,2025-07-24T03:01:39,2025-08-07T02:59:39,E010,P02426,6922993,67,0,16,1,ENDED
FI00690,2025-08-05T16:33:39,2025-08-13T12:19:39,E045,P02256,21965679,27,5,18,1,ENDED
FI00691,2025-08-09T00:07:39,2025-08-10T11:58:39,E023,P01918,18443696,138,2,48,1,ENDED
FI00692,2026-02-09T16:16:39,2026-03-03T17:32:39,E033,P01017,22055320,113,4,14,1,ENDED
FI00693,2026-04-12T02:54:39,2026-04-23T10:48:39,E042,P00317,19332006,91,3,42,1,ENDED
FI00694,2025-10-07T07:25:39,2025-10-23T21:26:39,E019,P00296,43353881,27,1,13,1,ENDED
FI00695,2025-09-29T13:49:39,2025-10-05T04:52:39,E008,P03682,12053593,81,4,66,1,ENDED
FI00696,2025-10-21T23:54:39,2025-11-04T08:41:39,E047,P02717,13148918,14,3,17,1,ENDED
FI00697,2026-01-31T09:35:39,2026-02-06T21:47:39,E013,P03063,1289026,53,8,44,1,ENDED
FI00698,2025-07-20T11:18:39,2025-08-11T22:09:39,E026,P03957,13871514,107,0,43,1,ENDED
FI00699,2025-12-26T20:46:39,2025-12-30T15:37:39,E008,P01318,7737853,81,0,67,1,ENDED
FI00700,2026-01-15T21:31:39,2026-01-20T16:21:39,E038,P01768,30171698,55,4,10,1,ENDED
FI00701,2026-03-06T00:04:39,2026-04-02T02:49:39,E012,P01257,7703298,10,2,54,1,ENDED
FI00702,2025-08-19T15:20:39,2025-09-02T17:32:39,E010,P02769,13164335,202,0,46,1,ENDED
FI00703,2025-12-26T03:01:39,2026-01-17T01:49:39,E027,P01746,2712194,107,3,67,1,ENDED
FI00704,2025-12-18T20:50:39,2026-01-18T15:30:39,E022,P00560,16145102,108,3,55,1,ENDED
FI00705,2026-03-22T21:14:39,2026-04-09T09:32:39,E047,P00133,13090141,37,5,31,1,ENDED
FI00706,2026-03-16T05:40:39,2026-04-07T11:56:39,E038,P02538,2240393,19,3,36,1,ENDED
FI00707,2026-02-28T15:43:39,2026-03-31T09:57:39,E040,P01210,672413,147,4,54,1,ENDED
FI00708,2026-01-09T19:58:39,2026-01-27T15:31:39,E007,P00593,29841347,96,0,18,1,ENDED
FI00709,2026-03-23T10:57:39,2026-04-03T20:18:39,E038,P03408,4254048,11,3,55,1,ENDED
FI00710,2026-04-02T16:29:39,2026-04-05T22:19:39,E036,P01631,15320089,176,6,12,1,UPCOMING
FI00711,2025-08-20T20:21:39,2025-09-17T01:44:39,E033,P03916,10953558,15,1,22,1,ENDED
FI00712,2026-01-19T00:13:39,2026-02-06T13:12:39,E048,P02676,23027578,54,3,52,1,ENDED
FI00713,2026-02-16T06:37:39,2026-03-07T23:20:39,E037,P01743,31666832,170,2,22,1,ENDED
FI00714,2025-12-30T03:43:39,2026-01-03T08:35:39,E002,P02879,33160316,142,3,11,1,ENDED
FI00715,2026-03-24T12:28:39,2026-04-07T04:08:39,E036,P01446,18125967,207,2,35,1,UPCOMING
FI00716,2026-02-26T22:44:39,2026-03-01T18:24:39,E028,P01738,11677043,126,1,39,1,ENDED
FI00717,2026-05-09T16:08:39,2026-06-04T12:17:39,E006,P04332,12904936,92,2,12,1,ENDED
FI00718,2026-05-06T20:30:39,2026-06-05T00:54:39,E039,P04303,15725803,205,3,50,1,ENDED
FI00719,2025-10-14T05:02:39,2025-10-22T16:48:39,E015,P00642,1228649,13,3,31,1,ENDED
FI00720,2026-03-09T09:52:39,2026-03-23T20:49:39,E045,P03759,2193657,127,7,50,1,ENDED
FI00721,2025-11-06T05:16:39,2025-11-30T15:23:39,E020,P04616,2587510,155,4,69,1,ENDED
FI00722,2025-12-06T03:46:39,2026-01-05T13:14:39,E022,P03866,19956162,191,1,21,1,ENDED
FI00723,2026-03-06T07:20:39,2026-03-26T07:29:39,E044,P00435,10089782,188,2,59,1,UPCOMING
FI00724,2025-09-04T20:36:39,2025-09-19T03:19:39,E039,P01545,15222006,67,5,63,1,ENDED
FI00725,2025-06-13T03:07:39,2025-06-16T10:29:39,E004,P04815,4819413,20,0,44,1,ENDED
FI00726,2025-09-28T19:17:39,2025-10-22T01:46:39,E038,P04768,9560296,62,0,37,1,ENDED
FI00727,2025-11-08T17:42:39,2025-12-09T13:55:39,E003,P04032,22144267,138,1,21,1,ENDED
FI00728,2025-08-26T12:23:39,2025-09-16T16:18:39,E026,P01328,11108329,175,3,37,1,ENDED
FI00729,2025-10-13T05:08:39,2025-10-30T16:44:39,E023,P04473,2045193,150,0,42,1,ENDED
FI00730,2026-05-22T06:57:39,2026-06-12T17:51:39,E045,P03305,9363459,112,1,46,1,ENDED
FI00731,2026-02-07T13:16:39,2026-02-18T13:27:39,E034,P01006,39455741,135,0,19,1,ENDED
FI00732,2025-09-06T00:04:39,2025-09-12T02:10:39,E047,P02197,21921600,74,7,37,1,ENDED
FI00733,2026-03-06T02:17:39,2026-03-10T11:28:39,E019,P00452,12313520,106,0,65,1,ENDED
FI00734,2026-04-19T12:49:39,2026-05-08T12:37:39,E030,P01904,30766763,205,2,27,1,ENDED
FI00735,2026-02-16T17:01:39,2026-03-13T17:52:39,E021,P03335,18076279,85,1,16,1,ENDED
FI00736,2025-12-30T06:33:39,2026-01-15T18:58:39,E038,P00885,7335949,115,3,67,1,ENDED
FI00737,2025-12-19T17:08:39,2025-12-21T22:55:39,E006,P01173,25883087,106,0,10,1,ENDED
FI00738,2025-10-27T06:25:39,2025-11-25T04:43:39,E021,P00363,37178088,76,0,26,1,ENDED
FI00739,2025-08-06T00:36:39,2025-08-15T01:47:39,E047,P03295,4176140,95,3,52,1,ENDED
FI00740,2026-04-30T22:55:39,2026-05-29T20:31:39,E022,P02557,4618021,149,0,53,1,ENDED
FI00741,2025-12-02T06:48:39,2025-12-21T12:18:39,E037,P02558,36416994,147,2,20,1,ENDED
FI00742,2026-01-18T17:32:39,2026-01-24T15:01:39,E030,P03311,2761392,59,0,54,1,ENDED
FI00743,2025-11-10T21:01:39,2025-11-22T06:10:39,E014,P03242,16211223,156,1,59,1,ENDED
FI00744,2025-08-18T03:30:39,2025-08-28T05:59:39,E010,P02957,30713699,140,2,19,1,ENDED
FI00745,2025-12-17T23:23:39,2025-12-19T17:21:39,E035,P01295,12164194,52,4,62,1,ENDED
FI00746,2025-09-07T08:31:39,2025-09-09T10:55:39,E013,P03710,3283225,61,0,45,1,ENDED
FI00747,2025-12-09T01:59:39,2026-01-05T21:50:39,E022,P02473,13631171,99,2,37,1,ENDED
FI00748,2026-02-11T18:55:39,2026-03-11T15:48:39,E042,P04151,4394999,55,3,27,1,ENDED
FI00749,2025-06-13T17:18:39,2025-06-27T21:47:39,E046,P03192,4825217,79,1,13,1,ENDED
FI00750,2026-01-08T04:09:39,2026-02-07T18:41:39,E040,P01899,29157970,163,4,42,1,ENDED
FI00751,2026-05-13T20:01:39,2026-06-05T13:58:39,E008,P00269,3017652,30,7,60,1,ENDED
FI00752,2026-05-03T15:59:39,2026-05-09T03:34:39,E012,P01486,27754001,134,2,43,1,ENDED
FI00753,2026-05-17T18:46:39,2026-06-07T20:44:39,E002,P00834,24908912,85,4,48,1,ENDED
FI00754,2026-01-08T06:43:39,2026-01-23T02:09:39,E021,P01882,25771097,22,3,13,1,ENDED
FI00755,2026-02-11T03:22:39,2026-02-20T20:02:39,E031,P00136,9865834,194,0,62,1,ENDED
FI00756,2026-06-07T20:42:39,2026-07-07T17:09:39,E003,P00873,21725181,35,5,33,1,ENDED
FI00757,2026-01-10T18:55:39,2026-02-09T11:44:39,E034,P04834,6601648,11,3,26,1,ENDED
FI00758,2025-09-24T02:58:39,2025-10-09T09:17:39,E026,P00049,16068269,137,0,30,1,ENDED
FI00759,2026-01-12T00:50:39,2026-01-26T01:41:39,E016,P03824,18408637,170,0,53,1,ENDED
FI00760,2026-03-29T05:39:39,2026-03-29T11:30:39,E032,P04751,14622418,130,2,48,1,ENDED
FI00761,2025-06-12T01:53:39,2025-06-22T09:15:39,E039,P04975,14420173,209,4,21,1,ENDED
FI00762,2026-01-07T12:29:39,2026-01-26T03:55:39,E017,P00571,16435183,113,2,59,1,ENDED
FI00763,2026-05-06T09:04:39,2026-05-29T19:04:39,E020,P01421,36945623,185,0,18,1,ENDED
FI00764,2025-12-14T13:28:39,2025-12-29T09:43:39,E044,P03914,24044764,202,0,23,1,UPCOMING
FI00765,2026-03-02T10:29:39,2026-03-04T03:52:39,E016,P01081,6831882,143,6,13,1,ENDED
FI00766,2026-04-14T23:22:39,2026-04-25T12:24:39,E049,P03154,17967527,110,0,40,1,ENDED
FI00767,2025-08-09T17:07:39,2025-09-01T18:21:39,E006,P03799,18284170,94,2,49,1,ENDED
FI00768,2026-02-22T00:16:39,2026-02-24T12:37:39,E041,P01054,10561538,195,1,69,1,ACTIVE
FI00769,2026-05-24T16:34:39,2026-06-20T20:03:39,E010,P03498,28886923,201,0,38,1,ENDED
FI00770,2025-12-31T12:34:39,2026-01-09T07:47:39,E009,P03058,16469659,81,10,14,2,ENDED
FI00771,2026-02-07T23:35:39,2026-02-25T09:55:39,E036,P02027,2710888,143,0,21,1,UPCOMING
FI00772,2026-04-13T20:07:39,2026-04-15T13:38:39,E003,P02849,3209833,87,4,24,1,ENDED
FI00773,2025-11-30T03:18:39,2025-12-19T22:57:39,E011,P00702,6313172,89,0,17,1,ENDED
FI00774,2025-10-23T23:40:39,2025-11-19T06:30:39,E031,P01186,26308988,117,2,45,1,ENDED
FI00775,2026-04-24T07:44:39,2026-05-24T21:43:39,E017,P03901,3903635,161,4,15,1,ENDED
FI00776,2026-04-26T20:05:39,2026-05-16T11:16:39,E022,P02866,7499070,107,3,26,1,ENDED
FI00777,2026-05-23T17:36:39,2026-06-09T10:16:39,E011,P00844,11907514,105,5,37,1,ENDED
FI00778,2025-11-14T20:36:39,2025-11-27T09:29:39,E048,P02316,13200995,72,0,58,1,ENDED
FI00779,2026-03-06T13:23:39,2026-03-22T07:37:39,E002,P00636,11192101,187,2,58,1,ENDED
FI00780,2025-07-09T08:44:39,2025-07-28T00:25:39,E018,P01747,13389730,206,2,44,1,ENDED
FI00781,2025-11-29T09:29:39,2025-12-24T15:00:39,E039,P01757,9462011,136,1,11,1,ENDED
FI00782,2026-04-06T15:33:39,2026-05-03T15:26:39,E020,P01265,20281720,176,6,29,1,ENDED
FI00783,2025-08-07T19:34:39,2025-09-04T08:42:39,E045,P02091,2532235,176,8,69,1,ENDED
FI00784,2025-12-14T02:33:39,2025-12-14T06:02:39,E041,P02929,26766689,46,4,22,1,ACTIVE
FI00785,2025-10-28T20:36:39,2025-11-13T10:44:39,E009,P00161,4083678,49,4,63,1,ENDED
FI00786,2025-11-22T02:52:39,2025-12-18T04:19:39,E012,P00127,17071094,48,4,37,1,ENDED
FI00787,2025-09-13T05:26:39,2025-10-02T00:49:39,E044,P03147,3463754,139,2,61,1,UPCOMING
FI00788,2025-07-24T14:40:39,2025-08-07T04:02:39,E041,P02945,30347182,135,1,38,1,ACTIVE
FI00789,2026-01-28T09:40:39,2026-02-27T03:59:39,E003,P00374,20157883,161,4,13,1,ENDED
FI00790,2026-03-15T06:53:39,2026-04-03T06:15:39,E038,P02501,5302566,139,4,64,1,ENDED
FI00791,2025-08-19T15:47:39,2025-08-28T03:49:39,E025,P04196,7627950,123,2,58,1,ENDED
FI00792,2026-04-08T07:10:39,2026-04-13T12:21:39,E004,P02042,13224182,181,10,24,2,ENDED
FI00793,2025-06-13T10:58:39,2025-06-17T03:09:39,E035,P03939,4613206,23,4,23,1,ENDED
FI00794,2026-05-05T17:22:39,2026-05-27T01:18:39,E006,P04395,8498307,29,3,21,1,ENDED
FI00795,2025-07-05T03:13:39,2025-07-11T10:43:39,E037,P01715,8418378,183,6,46,1,ENDED
FI00796,2025-10-15T05:19:39,2025-11-07T05:38:39,E044,P04559,13032309,87,0,26,1,UPCOMING
FI00797,2025-09-25T10:21:39,2025-10-06T05:48:39,E043,P04446,15112721,180,1,46,1,ENDED
FI00798,2025-06-11T12:41:39,2025-07-01T23:35:39,E046,P03845,26113146,87,6,16,1,ENDED
FI00799,2025-11-27T16:47:39,2025-12-27T18:21:39,E049,P01283,19966710,56,4,47,1,ENDED
FI00800,2025-12-25T07:02:39,2026-01-24T01:22:39,E019,P03443,4919818,52,4,63,1,ENDED
FI00801,2025-10-29T12:24:39,2025-11-12T18:35:39,E030,P03316,33062206,42,3,18,1,ENDED
FI00802,2025-12-22T21:25:39,2025-12-27T17:00:39,E001,P00846,2243967,129,2,44,1,ENDED
FI00803,2026-05-24T04:56:39,2026-06-09T04:45:39,E042,P02918,19179701,147,7,43,1,ENDED
FI00804,2026-02-08T11:25:39,2026-03-06T18:07:39,E030,P04181,28956760,110,0,30,1,ENDED
FI00805,2026-06-03T04:36:39,2026-06-22T22:02:39,E007,P01239,7546981,30,2,41,1,ENDED
FI00806,2025-07-31T02:41:39,2025-08-09T17:17:39,E033,P03063,2025612,54,3,12,1,ENDED
FI00807,2025-12-15T03:32:39,2025-12-29T19:34:39,E026,P03434,15932578,165,5,46,1,ENDED
FI00808,2026-05-17T04:28:39,2026-06-02T07:00:39,E031,P03835,26117218,51,3,47,1,ENDED
FI00809,2026-05-04T09:29:39,2026-05-08T04:57:39,E034,P01038,18278374,71,2,31,1,ENDED
FI00810,2026-02-05T18:17:39,2026-02-07T05:20:39,E018,P01335,33772453,173,0,13,1,ENDED
FI00811,2026-01-02T06:10:39,2026-01-19T11:24:39,E043,P00950,16102740,151,7,47,1,ENDED
FI00812,2025-09-12T01:37:39,2025-10-07T13:53:39,E049,P04504,1738153,25,0,70,1,ENDED
FI00813,2026-03-09T08:23:39,2026-03-16T08:18:39,E043,P00867,17773389,63,0,63,1,ENDED
FI00814,2025-12-20T16:38:39,2026-01-18T02:29:39,E024,P02361,22188800,77,4,32,1,ENDED
FI00815,2026-02-28T12:33:39,2026-03-23T14:14:39,E008,P03828,25067617,186,2,16,1,ENDED
FI00816,2025-08-17T05:50:39,2025-09-10T14:01:39,E007,P04168,13058022,127,1,69,1,ENDED
FI00817,2025-08-28T00:46:39,2025-09-04T09:23:39,E048,P01430,28716089,127,2,23,1,ENDED
FI00818,2026-03-08T08:15:39,2026-03-13T12:28:39,E001,P04875,4261024,206,3,70,1,ENDED
FI00819,2025-06-22T03:35:39,2025-07-16T14:30:39,E020,P01982,13045201,26,4,52,1,ENDED
FI00820,2025-10-30T18:40:39,2025-11-28T11:29:39,E013,P03105,24281108,129,4,38,1,ENDED
FI00821,2025-08-25T15:44:39,2025-09-12T05:19:39,E046,P04964,15803262,141,1,48,1,ENDED
FI00822,2025-11-19T22:48:39,2025-11-25T15:19:39,E030,P04107,14955883,100,2,46,1,ENDED
FI00823,2026-03-29T00:55:39,2026-04-27T15:44:39,E034,P04058,17875387,140,3,63,1,ENDED
FI00824,2025-10-26T06:07:39,2025-11-12T17:05:39,E011,P00825,2154842,50,0,11,1,ENDED
FI00825,2025-08-22T08:03:39,2025-09-12T06:33:39,E032,P04588,36782351,55,4,25,1,ENDED
FI00826,2026-01-25T14:24:39,2026-02-18T17:31:39,E007,P00434,13416396,44,1,68,1,ENDED
FI00827,2026-02-09T18:16:39,2026-02-19T17:36:39,E009,P01336,27645117,105,0,36,1,ENDED
FI00828,2026-04-14T15:21:39,2026-04-19T23:11:39,E044,P02068,16374873,201,5,65,1,UPCOMING
FI00829,2025-11-25T08:54:39,2025-12-22T06:27:39,E029,P03517,4585829,190,3,41,1,ENDED
FI00830,2025-11-25T06:48:39,2025-12-16T23:28:39,E002,P04674,10430651,102,0,23,1,ENDED
FI00831,2025-11-06T12:21:39,2025-12-06T14:20:39,E017,P02929,27796177,98,3,19,1,ENDED
FI00832,2025-07-19T19:42:39,2025-08-07T10:54:39,E035,P04700,6093695,174,8,40,1,ENDED
FI00833,2026-05-01T02:06:39,2026-05-15T17:25:39,E002,P02827,18514360,13,2,42,1,ENDED
FI00834,2026-03-22T06:08:39,2026-03-30T05:54:39,E004,P03617,12881376,91,0,68,1,ENDED
FI00835,2025-12-02T14:15:39,2025-12-06T21:35:39,E016,P02520,16047846,203,3,34,1,ENDED
FI00836,2026-04-27T19:47:39,2026-05-28T17:52:39,E037,P01913,2437881,155,2,70,1,ENDED
FI00837,2025-10-28T06:51:39,2025-11-03T23:54:39,E015,P04393,10714357,17,3,44,1,ENDED
FI00838,2025-12-28T08:50:39,2026-01-27T23:54:39,E050,P01286,33088836,71,2,33,1,ENDED
FI00839,2025-09-05T10:03:39,2025-10-02T12:49:39,E050,P04970,1271066,130,4,70,1,ENDED
FI00840,2025-11-17T01:53:39,2025-12-17T13:51:39,E038,P03368,21782184,61,2,33,1,ENDED
FI00841,2025-08-30T04:26:39,2025-09-07T09:20:39,E030,P03278,879135,208,0,36,1,ENDED
FI00842,2026-02-26T00:12:39,2026-03-28T21:48:39,E005,P00560,14709982,110,5,59,1,ENDED
FI00843,2026-04-26T11:54:39,2026-05-16T15:41:39,E022,P01991,29282532,63,1,31,1,ENDED
FI00844,2025-09-14T21:20:39,2025-10-08T02:04:39,E009,P00982,26210411,74,11,43,2,ENDED
FI00845,2026-04-10T07:21:39,2026-05-10T10:19:39,E028,P00218,21059490,180,3,54,1,ENDED
FI00846,2026-04-27T04:36:39,2026-05-24T00:16:39,E049,P02644,1064443,168,2,66,1,ENDED
FI00847,2025-12-20T07:41:39,2026-01-04T19:42:39,E006,P01672,21473185,12,4,27,1,ENDED
FI00848,2026-02-11T07:14:39,2026-03-03T02:18:39,E026,P03620,26478236,202,1,47,1,ENDED
FI00849,2026-02-10T16:40:39,2026-02-25T16:16:39,E026,P02015,3549373,55,0,43,1,ENDED
FI00850,2025-07-24T12:31:39,2025-08-11T22:56:39,E005,P02413,14605346,70,0,20,1,ENDED
FI00851,2025-07-10T15:47:39,2025-07-29T18:47:39,E040,P03640,21093670,196,2,36,1,ENDED
FI00852,2026-01-10T01:35:39,2026-02-02T07:10:39,E031,P01561,388659,96,0,68,1,ENDED
FI00853,2025-11-15T21:36:39,2025-12-05T23:10:39,E026,P04634,20120156,142,4,12,1,ENDED
FI00854,2025-09-19T12:08:39,2025-10-13T21:02:39,E037,P00323,8444538,44,9,32,1,ENDED
FI00855,2025-06-27T02:36:39,2025-07-15T03:01:39,E028,P02564,23069336,133,4,37,1,ENDED
FI00856,2025-07-05T11:04:39,2025-08-03T09:49:39,E043,P04621,5614182,184,2,67,1,ENDED
FI00857,2025-09-16T16:08:39,2025-09-25T17:36:39,E035,P02753,7434489,24,4,28,1,ENDED
FI00858,2025-09-22T03:35:39,2025-09-24T16:24:39,E009,P02598,13965619,30,5,67,1,ENDED
FI00859,2025-10-31T23:26:39,2025-11-28T10:53:39,E037,P01925,28967277,159,1,11,1,ENDED
FI00860,2025-12-06T19:22:39,2025-12-12T10:55:39,E024,P00329,13473696,16,4,57,1,ENDED
FI00861,2026-04-21T08:02:39,2026-05-22T01:03:39,E025,P00509,13591719,158,2,50,1,ENDED
FI00862,2025-08-13T14:36:39,2025-09-11T21:31:39,E022,P01098,17394922,13,0,45,1,ENDED
FI00863,2025-12-14T14:45:39,2025-12-29T06:41:39,E005,P03787,19861984,12,2,49,1,ENDED
FI00864,2026-05-16T08:05:39,2026-06-11T09:40:39,E018,P03378,14105492,185,0,56,1,ENDED
FI00865,2026-05-01T12:04:39,2026-05-18T00:45:39,E045,P02583,30985868,74,3,14,1,ENDED
FI00866,2026-02-20T23:08:39,2026-03-22T23:22:39,E034,P00298,10132334,41,0,12,1,ENDED
FI00867,2026-03-18T21:12:39,2026-04-10T07:43:39,E028,P02577,24769778,151,0,25,1,ENDED
FI00868,2026-03-18T00:31:39,2026-04-17T08:42:39,E021,P03381,5315142,116,4,39,1,ENDED
FI00869,2025-07-25T09:17:39,2025-07-27T12:04:39,E012,P04476,41771238,114,1,16,1,ENDED
FI00870,2025-09-30T21:28:39,2025-10-31T13:46:39,E021,P04687,37796120,94,3,18,1,ENDED
FI00871,2025-10-12T08:47:39,2025-10-28T11:49:39,E002,P04325,18575043,199,2,59,1,ENDED
FI00872,2026-05-06T14:17:39,2026-05-07T08:55:39,E018,P04586,16120172,31,0,49,1,ENDED
FI00873,2025-12-02T08:43:39,2025-12-05T18:59:39,E014,P04330,37867489,59,0,25,1,ENDED
FI00874,2026-01-30T21:47:39,2026-02-19T10:21:39,E050,P02280,15907680,122,2,55,1,ENDED
FI00875,2025-09-15T14:52:39,2025-09-20T02:40:39,E027,P00823,25795576,60,4,35,1,ENDED
FI00876,2025-07-23T19:06:39,2025-08-19T08:53:39,E002,P02139,17714297,15,1,50,1,ENDED
FI00877,2025-10-27T14:23:39,2025-10-29T13:07:39,E011,P04642,27229675,111,1,38,1,ENDED
FI00878,2026-03-20T14:46:39,2026-04-07T19:16:39,E033,P02560,1471018,10,3,52,1,ENDED
FI00879,2025-11-13T04:20:39,2025-12-11T18:59:39,E036,P00463,32739559,78,0,22,1,UPCOMING
FI00880,2026-04-29T22:13:39,2026-05-30T03:57:39,E031,P01195,24337327,166,4,44,1,ENDED
FI00881,2026-01-27T04:46:39,2026-02-06T16:12:39,E044,P03894,27163807,98,2,32,1,UPCOMING
FI00882,2025-10-04T09:19:39,2025-10-22T22:21:39,E048,P03469,21223693,194,1,21,1,ENDED
FI00883,2025-12-02T18:13:39,2025-12-24T18:26:39,E026,P02329,17780101,114,0,59,1,ENDED
FI00884,2025-12-25T11:28:39,2026-01-02T15:41:39,E007,P01689,15973674,20,1,20,1,ENDED
FI00885,2025-12-23T02:32:39,2026-01-18T18:31:39,E028,P02402,17968576,142,1,44,1,ENDED
FI00886,2026-05-18T22:05:39,2026-05-21T15:59:39,E010,P01541,4391453,67,0,25,1,ENDED
FI00887,2025-10-19T22:47:39,2025-11-14T23:45:39,E038,P01665,19104994,206,0,15,1,ENDED
FI00888,2025-08-18T15:03:39,2025-09-07T15:55:39,E007,P03660,19891049,167,1,46,1,ENDED
FI00889,2025-07-13T10:45:39,2025-07-27T19:58:39,E006,P01540,12327256,20,5,22,1,ENDED
FI00890,2026-04-12T10:07:39,2026-05-12T19:58:39,E027,P01969,12812834,196,2,31,1,ENDED
FI00891,2025-11-23T17:25:39,2025-12-20T11:15:39,E030,P04993,13294906,33,0,24,1,ENDED
FI00892,2025-09-22T01:57:39,2025-09-25T20:25:39,E019,P03454,15899274,204,1,32,1,ENDED
FI00893,2025-07-04T06:30:39,2025-07-28T12:02:39,E001,P01326,3653087,156,0,56,1,ENDED
FI00894,2025-07-12T09:37:39,2025-07-25T21:01:39,E015,P03467,36951437,115,4,26,1,ENDED
FI00895,2026-02-11T04:10:39,2026-02-11T08:52:39,E015,P01088,18818136,190,3,61,1,ENDED
FI00896,2026-05-31T18:52:39,2026-06-19T13:49:39,E050,P01716,21488387,117,0,18,1,ENDED
FI00897,2026-02-05T17:18:39,2026-02-20T00:53:39,E008,P00296,32889151,186,6,34,1,ENDED
FI00898,2025-10-14T16:05:39,2025-10-16T06:02:39,E046,P01441,19244549,18,3,31,1,ENDED
FI00899,2025-11-27T01:38:39,2025-12-13T02:36:39,E035,P03202,17239425,96,0,34,1,ENDED
FI00900,2025-07-13T07:18:39,2025-08-07T11:59:39,E044,P04897,7822103,203,2,27,1,UPCOMING
FI00901,2026-03-14T09:31:39,2026-03-18T21:37:39,E033,P00232,7122019,17,3,58,1,ENDED
FI00902,2026-04-21T11:40:39,2026-04-26T21:33:39,E034,P01322,9291980,85,1,66,1,ENDED
FI00903,2025-09-03T16:33:39,2025-09-14T20:28:39,E010,P02484,11977190,45,1,18,1,ENDED
FI00904,2025-09-19T00:52:39,2025-09-20T00:35:39,E009,P02088,30281086,83,3,11,1,ENDED
FI00905,2025-10-14T09:59:39,2025-11-03T15:26:39,E041,P04692,9776719,24,1,34,1,ACTIVE
FI00906,2025-08-16T04:31:39,2025-09-02T19:00:39,E030,P00645,36165913,128,0,13,1,ENDED
FI00907,2026-05-06T07:44:39,2026-05-15T15:01:39,E003,P04910,29091396,140,1,13,1,ENDED
FI00908,2026-02-08T02:47:39,2026-02-15T04:16:39,E005,P03360,15654266,202,6,16,1,ENDED
FI00909,2025-08-18T19:25:39,2025-09-10T15:02:39,E021,P04412,8974392,89,2,63,1,ENDED
FI00910,2025-08-31T19:46:39,2025-09-06T01:47:39,E011,P03847,14535417,36,3,53,1,ENDED
FI00911,2025-09-12T17:56:39,2025-10-02T17:17:39,E041,P02201,15145492,80,1,66,1,ACTIVE
FI00912,2026-02-12T18:34:39,2026-02-26T00:03:39,E047,P00951,16945449,58,2,59,1,ENDED
FI00913,2026-05-29T04:24:39,2026-06-28T00:35:39,E012,P00074,932895,174,4,30,1,ENDED
FI00914,2025-08-02T23:29:39,2025-08-03T19:30:39,E018,P04899,7253258,24,6,62,1,ENDED
FI00915,2025-12-24T17:20:39,2026-01-22T16:51:39,E021,P04985,17649577,29,0,35,1,ENDED
FI00916,2025-08-31T06:41:39,2025-09-14T12:23:39,E040,P00730,16112072,53,3,11,1,ENDED
FI00917,2025-08-08T16:20:39,2025-08-18T05:44:39,E046,P04067,13552316,20,2,52,1,ENDED
FI00918,2025-06-22T10:42:39,2025-06-22T12:54:39,E017,P01281,25532613,161,0,48,1,ENDED
FI00919,2025-11-24T03:40:39,2025-12-13T20:23:39,E035,P04049,18660873,39,6,35,1,ENDED
FI00920,2025-09-18T09:06:39,2025-10-03T02:56:39,E006,P01208,5653925,103,1,19,1,ENDED
FI00921,2025-12-15T18:14:39,2025-12-17T01:22:39,E042,P02845,20328621,98,0,34,1,ENDED
FI00922,2025-08-20T16:16:39,2025-09-13T17:48:39,E008,P00266,12181247,100,1,62,1,ENDED
FI00923,2025-10-07T07:58:39,2025-10-21T18:16:39,E034,P00643,497483,96,4,41,1,ENDED
FI00924,2025-10-13T10:40:39,2025-10-16T18:19:39,E012,P04612,24472895,134,1,11,1,ENDED
FI00925,2025-09-29T11:10:39,2025-10-15T06:36:39,E014,P04152,20210477,97,0,44,1,ENDED
FI00926,2026-01-11T01:39:39,2026-02-03T20:21:39,E029,P02543,25126636,152,3,15,1,ENDED
FI00927,2025-10-11T09:38:39,2025-10-14T18:42:39,E002,P04568,312156,200,4,63,1,ENDED
FI00928,2026-01-27T11:01:39,2026-02-01T20:24:39,E030,P01577,627683,98,1,55,1,ENDED
FI00929,2025-06-30T17:07:39,2025-07-08T00:54:39,E001,P02319,20142208,51,3,37,1,ENDED
FI00930,2026-04-14T10:23:39,2026-05-06T23:55:39,E020,P01367,4123164,79,4,23,1,ENDED
FI00931,2025-08-24T18:43:39,2025-08-29T20:38:39,E018,P01553,14671717,76,4,22,1,ENDED
FI00932,2025-12-09T14:33:39,2025-12-15T18:11:39,E018,P02366,14634512,31,0,67,1,ENDED
FI00933,2025-08-03T17:36:39,2025-08-23T01:28:39,E047,P02445,2175318,22,0,33,1,ENDED
FI00934,2026-02-13T23:36:39,2026-03-08T10:34:39,E001,P04543,40470444,107,1,11,1,ENDED
FI00935,2025-10-01T19:09:39,2025-10-22T06:10:39,E019,P02230,5038062,138,2,48,1,ENDED
FI00936,2025-11-14T09:37:39,2025-11-30T04:08:39,E008,P03729,8905096,47,3,59,1,ENDED
FI00937,2026-05-26T21:52:39,2026-06-24T19:42:39,E014,P01915,4183914,119,3,50,1,ENDED
FI00938,2026-05-04T11:20:39,2026-05-15T16:23:39,E032,P02897,19549964,122,3,51,1,ENDED
FI00939,2025-08-27T06:22:39,2025-09-20T12:42:39,E037,P03460,11214796,177,3,17,1,ENDED
FI00940,2025-09-11T05:27:39,2025-09-13T20:31:39,E004,P00094,13162306,50,3,23,1,ENDED
FI00941,2026-02-26T16:03:39,2026-03-25T18:39:39,E011,P00230,10261911,97,3,25,1,ENDED
FI00942,2025-11-03T06:30:39,2025-11-26T08:28:39,E040,P01848,28254758,108,0,22,1,ENDED
FI00943,2026-03-04T17:31:39,2026-03-08T16:55:39,E048,P03047,7263978,10,2,68,1,ENDED
FI00944,2025-10-02T14:55:39,2025-10-19T01:24:39,E021,P04647,37243529,208,2,23,1,ENDED
FI00945,2026-02-03T22:13:39,2026-02-26T08:43:39,E029,P01659,15474934,157,1,38,1,ENDED
FI00946,2025-06-24T13:23:39,2025-07-12T19:57:39,E020,P00808,15366006,10,2,30,1,ENDED
FI00947,2026-02-04T05:02:39,2026-03-03T07:59:39,E032,P04872,12514937,59,4,41,1,ENDED
FI00948,2026-01-09T20:41:39,2026-01-24T06:37:39,E028,P02210,38711033,67,1,22,1,ENDED
FI00949,2025-09-25T18:44:39,2025-10-07T15:58:39,E047,P02221,34566377,144,6,19,1,ENDED
FI00950,2025-06-22T21:33:39,2025-06-25T16:57:39,E050,P00424,279753,79,2,61,1,ENDED
FI00951,2026-03-01T17:39:39,2026-03-23T16:44:39,E012,P01173,23869958,81,2,17,1,ENDED
FI00952,2025-07-23T17:03:39,2025-08-05T00:15:39,E010,P04032,12053209,104,1,57,1,ENDED
FI00953,2025-09-24T04:10:39,2025-10-24T06:36:39,E022,P02490,6968167,106,1,20,1,ENDED
FI00954,2026-04-25T14:45:39,2026-05-24T04:55:39,E022,P02472,17108256,80,1,39,1,ENDED
FI00955,2026-02-04T12:36:39,2026-02-13T19:55:39,E044,P00725,20049857,98,1,56,1,UPCOMING
FI00956,2025-10-30T14:21:39,2025-11-19T12:10:39,E030,P00769,1573387,92,0,39,1,ENDED
FI00957,2026-05-12T16:25:39,2026-05-23T19:24:39,E032,P04771,6323633,92,4,62,1,ENDED
FI00958,2025-09-13T05:42:39,2025-09-25T21:48:39,E003,P03621,4345876,44,6,25,1,ENDED
FI00959,2025-11-22T18:03:39,2025-11-29T15:06:39,E045,P01219,7082599,107,1,38,1,ENDED
FI00960,2025-11-14T09:33:39,2025-11-26T16:18:39,E033,P02523,5753661,129,2,64,1,ENDED
FI00961,2026-04-29T21:29:39,2026-05-05T01:02:39,E003,P03330,2352557,15,0,61,1,ENDED
FI00962,2026-04-10T04:09:39,2026-05-04T14:39:39,E008,P01626,13375694,78,4,60,1,ENDED
FI00963,2025-10-11T03:17:39,2025-11-09T02:04:39,E011,P04544,2667915,61,0,28,1,ENDED
FI00964,2025-08-09T10:06:39,2025-09-06T05:21:39,E042,P00642,658841,159,6,63,1,ENDED
FI00965,2025-10-21T09:10:39,2025-10-29T20:14:39,E001,P04348,14710702,129,1,49,1,ENDED
FI00966,2025-09-14T23:53:39,2025-09-21T03:17:39,E006,P00263,29081103,192,4,20,1,ENDED
FI00967,2025-08-28T13:38:39,2025-08-31T15:21:39,E024,P03395,5923880,175,0,59,1,ENDED
FI00968,2026-05-01T18:10:39,2026-05-29T21:33:39,E028,P04255,1800997,117,2,60,1,ENDED
FI00969,2025-09-10T13:56:39,2025-09-18T16:47:39,E006,P04310,22390258,16,0,40,1,ENDED
FI00970,2025-12-06T18:30:39,2025-12-28T19:11:39,E035,P02851,31021580,24,2,37,1,ENDED
FI00971,2026-05-27T10:10:39,2026-05-30T02:21:39,E034,P00626,13592364,177,0,69,1,ENDED
FI00972,2026-02-01T17:50:39,2026-02-13T00:52:39,E010,P04403,9953297,151,1,46,1,ENDED
FI00973,2025-06-29T20:57:39,2025-07-19T13:59:39,E048,P03066,31492887,198,2,30,1,ENDED
FI00974,2025-06-25T12:47:39,2025-07-06T15:52:39,E042,P01987,5315513,60,2,26,1,ENDED
FI00975,2026-01-24T18:31:39,2026-02-24T00:34:39,E049,P01767,917468,37,1,60,1,ENDED
FI00976,2026-03-22T09:06:39,2026-04-05T07:46:39,E034,P04995,28945697,79,1,32,1,ENDED
FI00977,2025-12-29T18:59:39,2026-01-25T09:19:39,E016,P02865,6781064,181,0,62,1,ENDED
FI00978,2025-10-24T19:22:39,2025-10-29T01:18:39,E024,P03890,15948886,199,2,16,1,ENDED
FI00979,2025-10-31T07:09:39,2025-11-21T23:50:39,E012,P04870,16500501,86,5,16,1,ENDED
FI00980,2025-12-22T04:55:39,2026-01-02T18:59:39,E037,P02523,11507322,39,5,28,1,ENDED
FI00981,2025-06-23T06:47:39,2025-06-29T05:15:39,E044,P00223,9573455,123,0,59,1,UPCOMING
FI00982,2025-09-16T19:36:39,2025-09-17T17:09:39,E011,P04520,27515142,11,4,32,1,ENDED
FI00983,2026-06-04T17:59:39,2026-07-02T07:54:39,E049,P00723,15953227,170,3,65,1,ENDED
FI00984,2026-03-21T08:07:39,2026-04-13T11:57:39,E046,P00956,6049353,42,2,49,1,ENDED
FI00985,2025-09-20T00:46:39,2025-10-07T01:56:39,E001,P00332,27599810,181,2,32,1,ENDED
FI00986,2025-10-31T14:55:39,2025-11-08T14:36:39,E046,P02133,21186934,118,0,53,1,ENDED
FI00987,2026-05-02T23:21:39,2026-05-17T14:25:39,E011,P04782,5225291,65,1,48,1,ENDED
FI00988,2025-08-18T20:09:39,2025-09-07T10:39:39,E008,P01999,8017499,16,1,60,1,ENDED
FI00989,2025-10-23T04:01:39,2025-11-03T22:51:39,E017,P01039,4632574,188,1,47,1,ENDED
FI00990,2025-12-28T14:38:39,2026-01-26T13:18:39,E040,P03053,8059346,72,1,57,1,ENDED
FI00991,2026-02-13T03:06:39,2026-02-21T19:13:39,E005,P00545,22409862,205,2,12,1,ENDED
FI00992,2026-04-25T16:23:39,2026-05-03T10:05:39,E004,P04977,32299261,208,4,19,1,ENDED
FI00993,2025-09-04T19:42:39,2025-09-28T09:20:39,E043,P00587,2155704,133,1,46,1,ENDED
FI00994,2026-02-28T14:25:39,2026-03-07T01:30:39,E042,P04028,26380594,160,8,38,1,ENDED
FI00995,2026-06-05T22:41:39,2026-06-09T20:06:39,E023,P00286,2173217,50,0,57,1,ENDED
FI00996,2025-09-23T16:18:39,2025-09-27T05:22:39,E010,P00439,4995603,117,2,36,1,ENDED
FI00997,2025-09-09T15:40:39,2025-10-07T09:38:39,E019,P00107,40339218,194,2,14,1,ENDED
FI00998,2025-12-06T13:03:39,2025-12-25T17:47:39,E007,P04848,17594131,148,1,65,1,ENDED
FI00999,2025-10-14T09:34:39,2025-10-17T01:28:39,E004,P03074,18893724,181,3,28,1,ENDED
FI01000,2026-05-10T23:54:39,2026-05-17T11:04:39,E029,P02953,15917312,52,4,37,1,ENDED
