id,createdAt,updatedAt,orderId,customerId,paymentMethod,amount
PAY000001,2025-08-21T13:11:39,2025-08-29T12:56:39,O002114,C01505,BANKING,2507582
PAY000002,2025-09-06T20:32:39,2025-09-25T13:58:39,O002598,C01317,CASH,52443020
PAY000003,2025-09-13T12:46:39,2025-10-04T21:52:39,O002599,C01001,BANKING,69084623
PAY000004,2025-09-22T16:19:39,2025-10-01T12:45:39,O002116,C00967,CASH,28743609
PAY000005,2025-11-24T17:11:39,2025-11-25T16:42:39,O002590,C00808,CASH,7786617
PAY000006,2025-07-10T12:19:39,2025-07-10T23:37:39,O001261,C02446,CASH,21691760
PAY000007,2025-09-13T15:12:39,2025-09-20T02:05:39,O002593,C01454,CASH,21648397
PAY000008,2025-10-07T20:19:39,2025-11-07T05:35:39,O002111,C01199,BANKING,40356621
PAY000009,2025-10-04T04:08:39,2025-10-27T18:20:39,O002102,C02146,BANKING,1271066
PAY000010,2026-03-03T18:42:39,2026-03-13T21:34:39,O001256,C01205,BANKING,103181663
PAY000011,2025-11-06T05:16:39,2025-12-04T19:42:39,O002588,C02493,CASH,68956098
PAY000012,2025-10-01T09:34:39,2025-10-28T00:36:39,O001258,C00982,CASH,32314175
PAY000013,2026-02-21T23:13:39,2026-03-18T19:00:39,O001259,C01124,BANKING,89516809
PAY000014,2025-06-13T12:33:39,2025-06-28T07:20:39,O002107,C01054,CASH,88411516
PAY000015,2025-11-11T22:53:39,2025-12-12T07:39:39,O002582,C02106,CASH,87936872
PAY000016,2025-08-01T16:02:39,2025-08-31T23:21:39,O001252,C02479,CASH,98388255
PAY000017,2025-08-20T10:22:39,2025-08-30T09:27:39,O001253,C02479,CASH,14671717
PAY000018,2025-08-09T16:41:39,2025-08-18T00:48:39,O002135,C01669,CASH,21266371
PAY000019,2025-10-15T01:59:39,2025-10-19T22:11:39,O001289,C02087,BANKING,10561538
PAY000020,2025-08-03T00:30:39,2025-08-04T08:21:39,O002130,C01979,BANKING,56630016
PAY000021,2026-05-23T01:37:39,2026-06-19T02:21:39,O001284,C00687,BANKING,99119392
PAY000022,2026-05-16T07:20:39,2026-05-31T14:56:39,O002133,C01196,CASH,30020478
PAY000023,2026-02-21T11:03:39,2026-03-05T10:35:39,O001279,C01937,CASH,15414980
PAY000024,2025-07-25T00:30:39,2025-08-21T04:09:39,O001272,C00434,CASH,27758156
PAY000025,2025-12-26T14:38:39,2025-12-31T16:57:39,O001223,C01264,CASH,10714357
PAY000026,2025-08-23T17:56:39,2025-08-25T06:35:39,O000372,C02373,BANKING,32477690
PAY000027,2026-03-06T07:09:39,2026-03-27T03:16:39,O000371,C01524,CASH,50253272
PAY000028,2026-01-04T03:52:39,2026-01-25T02:01:39,O002556,C02407,BANKING,5800642
PAY000029,2025-12-06T16:56:39,2025-12-20T01:18:39,O000370,C01188,CASH,85018371
PAY000030,2026-06-01T03:20:39,2026-06-07T06:03:39,O001229,C02344,BANKING,26982981
PAY000031,2026-06-04T18:10:39,2026-06-28T02:06:39,O002551,C00564,CASH,28840346
PAY000032,2025-10-25T23:50:39,2025-11-23T20:38:39,O001221,C02042,BANKING,13473696
PAY000033,2025-06-30T13:01:39,2025-07-06T03:59:39,O001695,C01642,CASH,5315142
PAY000034,2025-08-07T20:03:39,2025-08-29T10:43:39,O000361,C02295,BANKING,32205480
PAY000035,2026-02-01T12:47:39,2026-02-14T09:54:39,O002544,C01239,BANKING,74487058
PAY000036,2025-09-19T22:34:39,2025-10-04T17:15:39,O000360,C00106,CASH,6812696
PAY000037,2025-11-29T05:00:39,2025-12-14T21:01:39,O001214,C01464,BANKING,63373519
PAY000038,2025-09-10T02:12:39,2025-09-13T04:51:39,O002545,C00174,BANKING,24966244
PAY000039,2025-06-27T06:58:39,2025-07-19T17:35:39,O002547,C01370,CASH,5672734
PAY000040,2026-04-24T11:06:39,2026-04-25T15:04:39,O001690,C01233,BANKING,17875387
PAY000041,2025-09-26T23:15:39,2025-10-11T10:57:39,O001692,C01567,CASH,75516978
PAY000042,2025-06-18T03:25:39,2025-07-16T08:27:39,O000364,C01713,BANKING,26783730
PAY000043,2025-08-02T03:06:39,2025-08-08T03:10:39,O001210,C00230,CASH,12011211
PAY000044,2026-05-08T12:55:39,2026-05-20T16:45:39,O000396,C00522,BANKING,106259425
PAY000045,2026-03-08T00:37:39,2026-03-18T19:59:39,O000392,C01745,CASH,23069336
PAY000046,2025-08-03T05:25:39,2025-08-18T05:29:39,O000391,C01154,CASH,33394304
PAY000047,2025-09-04T05:42:39,2025-10-03T03:48:39,O001240,C00743,BANKING,24076364
PAY000048,2026-04-17T15:36:39,2026-05-13T23:21:39,O002572,C01934,BANKING,27552276
PAY000049,2025-08-02T22:16:39,2025-09-01T01:35:39,O000398,C00788,CASH,86890974
PAY000050,2025-11-08T22:44:39,2025-11-12T08:26:39,O002564,C01913,BANKING,90604962
PAY000051,2025-10-27T16:13:39,2025-11-21T21:28:39,O000384,C00353,CASH,8288912
PAY000052,2026-03-25T05:34:39,2026-03-29T00:01:39,O002565,C00233,CASH,16047846
PAY000053,2026-01-30T17:28:39,2026-02-15T00:40:39,O001236,C01271,BANKING,38457364
PAY000054,2026-01-22T09:43:39,2026-01-25T05:57:39,O001237,C01132,CASH,48470969
PAY000055,2026-02-06T22:51:39,2026-02-18T10:24:39,O002568,C00496,CASH,3903125
PAY000056,2025-10-27T10:58:39,2025-11-14T12:23:39,O002560,C02070,CASH,9337183
PAY000057,2025-06-24T00:24:39,2025-06-27T13:13:39,O001231,C01596,CASH,29144973
PAY000058,2025-08-17T03:54:39,2025-09-15T00:33:39,O000386,C00657,CASH,40157204
PAY000059,2025-12-31T20:18:39,2026-01-10T07:56:39,O001232,C01334,CASH,18093788
PAY000060,2026-04-04T06:24:39,2026-04-27T14:18:39,O000330,C00193,BANKING,62817767
PAY000061,2025-11-02T11:36:39,2025-11-14T09:06:39,O002510,C00668,CASH,29450862
PAY000062,2026-05-19T01:00:39,2026-06-15T14:37:39,O001664,C02204,BANKING,29282532
PAY000063,2025-08-18T00:11:39,2025-08-26T18:16:39,O002512,C00393,CASH,44722019
PAY000064,2025-10-08T10:55:39,2025-10-17T12:02:39,O001666,C00005,BANKING,47599066
PAY000065,2026-04-14T10:16:39,2026-04-29T08:52:39,O001667,C01346,BANKING,46128588
PAY000066,2025-10-17T13:24:39,2025-11-16T10:04:39,O001668,C00037,BANKING,14506516
PAY000067,2025-11-08T06:20:39,2025-11-20T09:47:39,O002999,C00864,CASH,53348589
PAY000068,2025-10-10T22:11:39,2025-11-05T15:13:39,O001669,C01922,BANKING,71940889
PAY000069,2026-05-30T04:00:39,2026-06-25T08:58:39,O002517,C02250,BANKING,7146144
PAY000070,2025-06-25T20:12:39,2025-07-05T16:29:39,O000338,C00968,CASH,27603892
PAY000071,2025-11-19T21:57:39,2025-12-17T09:20:39,O000336,C02360,CASH,59529502
PAY000072,2025-07-10T02:08:39,2025-07-11T08:53:39,O001661,C00822,CASH,31372651
PAY000073,2026-04-11T09:19:39,2026-04-21T03:40:39,O002983,C01619,BANKING,65778302
PAY000074,2025-08-30T10:15:39,2025-09-06T11:38:39,O001653,C00740,CASH,12327256
PAY000075,2025-11-17T05:39:39,2025-11-24T11:24:39,O002500,C00606,BANKING,71416691
PAY000076,2025-07-04T01:07:39,2025-07-08T03:14:39,O002989,C00798,CASH,16211223
PAY000077,2026-04-25T07:19:39,2026-04-27T21:02:39,O002508,C00336,CASH,143654891
PAY000078,2025-06-10T13:46:39,2025-07-10T14:04:39,O002509,C01042,BANKING,32749746
PAY000079,2025-07-08T12:02:39,2025-08-07T09:39:39,O000327,C00807,BANKING,49511240
PAY000080,2025-10-21T04:05:39,2025-11-01T21:10:39,O002980,C02417,BANKING,54837634
PAY000081,2026-05-25T01:31:39,2026-05-28T18:25:39,O001650,C00514,BANKING,8867921
PAY000082,2026-06-08T20:16:39,2026-06-21T17:35:39,O000352,C00376,CASH,13552316
PAY000083,2025-09-22T11:39:39,2025-10-03T12:19:39,O001201,C01403,CASH,97540915
PAY000084,2026-06-09T08:27:39,2026-06-14T15:41:39,O001686,C01876,BANKING,12672384
PAY000085,2026-05-31T12:40:39,2026-06-08T12:45:39,O001204,C00127,CASH,50107599
PAY000086,2026-05-01T09:30:39,2026-05-23T19:51:39,O002535,C02373,BANKING,19892441
PAY000087,2026-03-28T02:15:39,2026-03-29T11:27:39,O001689,C01242,CASH,2686411
PAY000088,2026-06-05T20:37:39,2026-06-06T21:39:39,O002538,C00147,BANKING,51196132
PAY000089,2025-10-29T01:25:39,2025-11-13T17:54:39,O001209,C00274,CASH,11937021
PAY000090,2025-09-15T03:09:39,2025-10-01T17:21:39,O000359,C01501,BANKING,37725286
PAY000091,2026-02-24T00:09:39,2026-02-26T22:04:39,O000357,C02432,BANKING,37130051
PAY000092,2025-12-23T05:52:39,2026-01-08T07:57:39,O001680,C00341,BANKING,46453286
PAY000093,2025-07-12T17:29:39,2025-08-08T22:14:39,O000355,C02101,CASH,31865156
PAY000094,2025-07-18T09:52:39,2025-08-01T03:53:39,O001682,C01715,BANKING,82867476
PAY000095,2025-09-03T01:20:39,2025-10-04T00:25:39,O000353,C01244,CASH,26171993
PAY000096,2025-09-02T00:12:39,2025-09-23T07:52:39,O002520,C01175,BANKING,4825217
PAY000097,2025-12-02T02:31:39,2025-12-15T04:08:39,O000340,C00267,BANKING,47573284
PAY000098,2026-06-01T06:00:39,2026-06-27T18:30:39,O001674,C01461,CASH,46799856
PAY000099,2025-07-29T12:57:39,2025-08-14T09:06:39,O001676,C01774,BANKING,59027782
PAY000100,2026-01-31T18:19:39,2026-02-28T21:52:39,O002527,C01165,BANKING,27872634
PAY000101,2026-01-15T08:29:39,2026-01-19T18:50:39,O000348,C00592,BANKING,51883493
PAY000102,2025-10-08T14:24:39,2025-10-08T14:53:39,O000345,C01662,BANKING,93399104
PAY000103,2026-04-02T22:32:39,2026-05-01T21:23:39,O000344,C01920,CASH,85129466
PAY000104,2025-09-02T21:11:39,2025-10-03T00:18:39,O001671,C01605,CASH,68980075
PAY000105,2025-08-25T08:56:39,2025-08-25T13:34:39,O000342,C00653,CASH,53608641
PAY000106,2026-02-11T01:19:39,2026-02-26T09:25:39,O001672,C02443,BANKING,77533403
PAY000107,2025-10-19T15:16:39,2025-10-29T20:07:39,O000770,C01953,CASH,2154297
PAY000108,2025-09-09T07:42:39,2025-10-04T18:05:39,O002950,C00725,CASH,144660338
PAY000109,2025-09-21T14:06:39,2025-09-27T07:53:39,O002951,C02375,CASH,88263824
PAY000110,2025-06-19T21:23:39,2025-07-01T07:58:39,O002952,C02148,CASH,77031831
PAY000111,2026-04-06T10:10:39,2026-05-01T17:31:39,O002954,C01077,BANKING,61792695
PAY000112,2026-04-25T16:08:39,2026-05-14T13:07:39,O002957,C02363,BANKING,54078870
PAY000113,2025-06-23T17:36:39,2025-07-01T10:12:39,O002959,C01957,BANKING,39369410
PAY000114,2025-12-31T22:15:39,2026-01-26T01:01:39,O000772,C00213,CASH,75337331
PAY000115,2025-08-10T01:58:39,2025-08-15T07:04:39,O002941,C02110,BANKING,26556232
PAY000116,2026-06-04T06:53:39,2026-06-21T13:47:39,O001611,C01862,BANKING,23472263
PAY000117,2026-03-07T14:40:39,2026-03-23T02:37:39,O001613,C00627,CASH,4051224
PAY000118,2025-09-05T10:47:39,2025-09-11T05:53:39,O002949,C00804,BANKING,7253258
PAY000119,2025-06-14T21:50:39,2025-07-15T16:19:39,O000766,C01716,CASH,28478190
PAY000120,2025-07-26T11:43:39,2025-08-08T07:11:39,O000764,C00430,CASH,8167356
PAY000121,2026-02-26T17:10:39,2026-03-12T23:53:39,O000761,C00020,BANKING,61042736
PAY000122,2026-01-06T23:13:39,2026-01-25T08:57:39,O000792,C00699,BANKING,59378988
PAY000123,2025-12-24T03:41:39,2026-01-14T13:12:39,O000791,C01302,BANKING,41567324
PAY000124,2026-01-07T15:39:39,2026-01-29T07:45:39,O001641,C01772,CASH,21075067
PAY000125,2025-11-05T05:51:39,2025-11-18T19:04:39,O000790,C01293,CASH,39423460
PAY000126,2025-07-13T16:22:39,2025-08-11T17:28:39,O001643,C00497,BANKING,36228968
PAY000127,2025-12-25T19:50:39,2026-01-19T18:04:39,O001644,C00282,CASH,169904550
PAY000128,2025-07-02T11:03:39,2025-07-09T11:58:39,O002978,C01307,CASH,112865588
PAY000129,2025-10-23T08:57:39,2025-11-18T22:52:39,O002979,C00424,CASH,43872554
PAY000130,2025-12-29T06:41:39,2025-12-30T20:55:39,O001649,C02145,CASH,62144468
PAY000131,2025-12-12T02:00:39,2025-12-19T00:44:39,O000316,C00274,BANKING,48562216
PAY000132,2026-03-17T11:15:39,2026-03-23T10:34:39,O000310,C01166,BANKING,4980207
PAY000133,2025-10-08T09:40:39,2025-10-19T19:42:39,O002970,C01061,CASH,97585670
PAY000134,2025-10-03T21:52:39,2025-11-01T19:16:39,O002960,C02196,CASH,59266880
PAY000135,2026-02-04T03:38:39,2026-02-20T00:03:39,O002962,C00537,BANKING,36012112
PAY000136,2026-05-14T17:15:39,2026-06-01T03:37:39,O002967,C01801,CASH,29911766
PAY000137,2025-12-01T00:02:39,2025-12-14T07:55:39,O001637,C02474,CASH,46156711
PAY000138,2025-12-10T18:43:39,2025-12-18T03:49:39,O000307,C01119,BANKING,62745302
PAY000139,2025-11-10T08:01:39,2025-11-23T04:28:39,O000788,C01644,BANKING,70036808
PAY000140,2025-07-10T15:14:39,2025-08-03T12:11:39,O000786,C00160,BANKING,111622919
PAY000141,2025-09-14T13:31:39,2025-09-16T05:55:39,O000783,C02434,CASH,2150018
PAY000142,2026-01-23T20:35:39,2026-02-23T12:13:39,O000782,C01792,BANKING,43240046
PAY000143,2025-11-24T07:33:39,2025-12-16T03:09:39,O002910,C01197,BANKING,53383142
PAY000144,2025-06-18T19:34:39,2025-07-03T14:29:39,O002902,C01247,CASH,27409876
PAY000145,2025-10-24T06:37:39,2025-10-26T08:08:39,O002907,C02186,BANKING,49237794
PAY000146,2025-10-02T22:42:39,2025-10-10T08:05:39,O000727,C00940,CASH,37389547
PAY000147,2025-11-12T17:27:39,2025-11-16T14:30:39,O002930,C01345,BANKING,73691063
PAY000148,2025-06-23T01:16:39,2025-07-08T17:00:39,O001600,C01822,CASH,74820256
PAY000149,2025-11-02T20:10:39,2025-11-10T19:25:39,O001606,C00610,BANKING,26984131
PAY000150,2026-02-16T23:59:39,2026-03-03T14:17:39,O002937,C00867,BANKING,13587926
PAY000151,2025-10-29T21:17:39,2025-11-22T17:17:39,O001608,C02500,BANKING,82215654
PAY000152,2026-03-01T00:42:39,2026-03-01T17:39:39,O000758,C00904,CASH,31306917
PAY000153,2025-12-04T19:02:39,2026-01-01T09:21:39,O002921,C00652,CASH,52977785
PAY000154,2026-05-05T15:44:39,2026-05-06T15:13:39,O002925,C00342,CASH,59828069
PAY000155,2025-12-15T05:10:39,2026-01-13T11:34:39,O000743,C00564,BANKING,58388842
PAY000156,2025-12-29T07:16:39,2026-01-16T22:32:39,O000719,C02125,BANKING,60202398
PAY000157,2026-04-29T01:16:39,2026-05-22T10:39:39,O000712,C01288,BANKING,57462656
PAY000158,2026-05-06T00:02:39,2026-05-16T10:20:39,O000710,C02019,CASH,73448503
PAY000159,2026-01-27T02:30:39,2026-02-11T17:52:39,O000708,C02104,CASH,29756090
PAY000160,2026-04-21T20:12:39,2026-04-26T23:24:39,O000706,C01393,CASH,47910303
PAY000161,2026-02-16T01:24:39,2026-02-18T06:04:39,O000701,C01882,BANKING,10943430
PAY000162,2026-03-23T20:49:39,2026-04-20T16:06:39,O002071,C00463,BANKING,18149094
PAY000163,2025-11-28T23:18:39,2025-12-06T10:12:39,O002077,C00983,CASH,27953962
PAY000164,2025-11-24T00:01:39,2025-11-27T13:35:39,O002079,C00603,CASH,28366068
PAY000165,2026-01-19T18:25:39,2026-02-18T06:02:39,O002062,C00450,BANKING,26799678
PAY000166,2026-01-11T20:54:39,2026-02-08T18:18:39,O002065,C02008,CASH,60870556
PAY000167,2025-08-13T08:33:39,2025-08-21T12:17:39,O002066,C01522,CASH,38467633
PAY000168,2025-10-07T07:35:39,2025-10-22T18:43:39,O002091,C02252,BANKING,73179645
PAY000169,2026-05-21T19:05:39,2026-05-22T23:47:39,O002092,C02276,BANKING,70612523
PAY000170,2026-03-26T19:08:39,2026-04-12T23:45:39,O002093,C00605,CASH,30308437
PAY000171,2026-04-22T06:44:39,2026-05-11T06:29:39,O002094,C02315,CASH,40873838
PAY000172,2025-12-22T08:25:39,2026-01-18T10:14:39,O002095,C00707,CASH,15276979
PAY000173,2025-08-26T22:02:39,2025-09-02T22:29:39,O002082,C01212,CASH,17057369
PAY000174,2026-02-23T17:35:39,2026-03-20T15:30:39,O002088,C01409,CASH,88174296
PAY000175,2025-07-31T22:58:39,2025-08-26T08:18:39,O002039,C01557,BANKING,58922524
PAY000176,2025-07-22T22:56:39,2025-08-16T09:17:39,O001184,C01127,BANKING,77347106
PAY000177,2026-01-30T02:02:39,2026-02-25T07:31:39,O002031,C00761,BANKING,36635660
PAY000178,2025-12-12T06:53:39,2025-12-22T10:11:39,O001185,C01645,BANKING,15987060
PAY000179,2026-05-31T13:18:39,2026-06-19T19:32:39,O001186,C01105,BANKING,21451250
PAY000180,2026-06-02T13:13:39,2026-06-12T23:25:39,O002034,C02223,BANKING,2712194
PAY000181,2025-10-26T22:05:39,2025-10-29T20:28:39,O002035,C00573,CASH,87060186
PAY000182,2025-12-15T03:51:39,2026-01-10T14:46:39,O001179,C01952,CASH,22391655
PAY000183,2025-09-13T14:22:39,2025-10-06T08:07:39,O002026,C00066,CASH,1289026
PAY000184,2025-12-18T12:25:39,2026-01-12T11:16:39,O002027,C01382,BANKING,43998073
PAY000185,2026-03-17T02:32:39,2026-04-07T19:29:39,O001171,C00362,BANKING,42234125
PAY000186,2026-03-16T15:04:39,2026-03-31T06:13:39,O001172,C00228,CASH,4817472
PAY000187,2025-11-28T13:14:39,2025-12-24T19:37:39,O002022,C01710,BANKING,50634006
PAY000188,2025-07-13T10:11:39,2025-07-22T03:28:39,O002057,C01230,CASH,20567159
PAY000189,2026-01-11T19:48:39,2026-02-02T18:00:39,O002041,C02475,BANKING,76608850
PAY000190,2026-03-28T12:47:39,2026-04-04T02:15:39,O001196,C01296,BANKING,18707759
PAY000191,2025-10-14T05:51:39,2025-10-30T16:42:39,O001198,C02390,CASH,8020441
PAY000192,2025-08-10T02:35:39,2025-08-18T18:02:39,O002046,C01555,BANKING,40700844
PAY000193,2025-12-06T06:56:39,2025-12-29T03:38:39,O002477,C00856,CASH,2373072
PAY000194,2025-08-26T09:03:39,2025-09-23T10:48:39,O000295,C00432,BANKING,85291484
PAY000195,2026-05-20T10:43:39,2026-05-26T19:13:39,O001147,C01196,CASH,18514360
PAY000196,2025-11-12T10:07:39,2025-11-27T00:06:39,O001149,C00928,CASH,18575043
PAY000197,2025-10-07T05:36:39,2025-10-16T13:01:39,O000292,C00288,CASH,23859415
PAY000198,2026-04-14T11:17:39,2026-05-14T17:24:39,O001140,C01885,BANKING,66266673
PAY000199,2025-08-31T03:09:39,2025-09-23T08:23:39,O001143,C00116,CASH,16323210
PAY000200,2026-02-06T21:25:39,2026-03-09T13:16:39,O002474,C00953,CASH,66243007
PAY000201,2026-03-31T02:51:39,2026-04-19T14:16:39,O002475,C01211,CASH,55030284
PAY000202,2026-01-23T11:11:39,2026-02-18T20:17:39,O002466,C01636,BANKING,13353550
PAY000203,2026-01-16T21:33:39,2026-01-20T17:38:39,O002467,C00863,CASH,2522196
PAY000204,2026-02-14T01:10:39,2026-03-09T16:16:39,O001138,C00508,BANKING,22194146
PAY000205,2026-04-25T20:57:39,2026-05-07T07:02:39,O002469,C00545,CASH,44687379
PAY000206,2025-06-16T04:58:39,2025-06-30T18:04:39,O000280,C00198,BANKING,2960350
PAY000207,2026-04-15T20:21:39,2026-04-17T05:52:39,O000289,C00092,CASH,21738651
PAY000208,2026-04-08T06:12:39,2026-04-11T18:01:39,O001131,C01695,BANKING,26766689
PAY000209,2026-03-04T00:42:39,2026-03-06T02:46:39,O001132,C01545,CASH,66386441
PAY000210,2026-04-20T21:48:39,2026-05-17T12:00:39,O002463,C02270,BANKING,10860422
PAY000211,2026-05-23T09:18:39,2026-06-14T03:00:39,O001133,C01390,BANKING,27331104
PAY000212,2025-08-28T10:54:39,2025-09-17T01:57:39,O002498,C00529,CASH,5102256
PAY000213,2025-10-22T10:58:39,2025-10-30T02:15:39,O002015,C01850,BANKING,30585336
PAY000214,2026-06-05T20:57:39,2026-06-28T22:19:39,O001160,C01593,CASH,42355877
PAY000215,2025-06-28T12:31:39,2025-07-21T04:27:39,O002491,C00992,BANKING,15251902
PAY000216,2025-10-07T01:39:39,2025-10-30T15:47:39,O002492,C01562,CASH,24493716
PAY000217,2026-03-05T03:33:39,2026-03-23T00:22:39,O002495,C01081,BANKING,67410111
PAY000218,2025-10-02T13:40:39,2025-10-28T06:55:39,O002497,C01153,BANKING,110857063
PAY000219,2026-02-22T11:07:39,2026-02-27T19:59:39,O001157,C01770,CASH,49946956
PAY000220,2025-07-31T00:43:39,2025-08-08T04:59:39,O002005,C00021,CASH,68892144
PAY000221,2026-03-28T18:48:39,2026-04-05T08:34:39,O001150,C01451,BANKING,108829798
PAY000222,2025-12-24T05:32:39,2026-01-20T00:12:39,O001153,C02097,BANKING,24050244
PAY000223,2026-03-31T18:12:39,2026-04-13T17:39:39,O002484,C01121,BANKING,47340560
PAY000224,2026-03-17T13:22:39,2026-03-30T12:10:39,O002002,C01265,BANKING,19452295
PAY000225,2025-08-12T01:00:39,2025-09-05T16:39:39,O002432,C00291,CASH,64899346
PAY000226,2025-07-22T23:40:39,2025-08-07T17:11:39,O000252,C00299,BANKING,117075001
PAY000227,2026-01-08T03:25:39,2026-01-09T03:48:39,O001587,C00156,BANKING,60558153
PAY000228,2026-02-05T02:26:39,2026-03-06T18:00:39,O001588,C02478,BANKING,15430475
PAY000229,2025-06-24T22:57:39,2025-06-27T20:53:39,O001589,C00208,BANKING,32287358
PAY000230,2026-01-26T13:42:39,2026-02-14T08:21:39,O001107,C00491,BANKING,121443826
PAY000231,2025-07-01T22:16:39,2025-07-04T22:34:39,O001582,C01776,BANKING,52226292
PAY000232,2026-02-14T23:00:39,2026-03-09T11:53:39,O002430,C00497,BANKING,33088836
PAY000233,2025-07-31T17:14:39,2025-08-14T21:16:39,O000242,C00958,CASH,50351672
PAY000234,2025-12-23T21:55:39,2025-12-29T13:55:39,O000240,C01078,CASH,51223470
PAY000235,2026-04-24T00:23:39,2026-04-24T03:19:39,O001577,C01832,CASH,65096566
PAY000236,2026-06-08T23:47:39,2026-06-20T07:53:39,O002424,C00433,CASH,23013724
PAY000237,2025-11-23T00:53:39,2025-12-03T07:49:39,O001579,C02058,CASH,22454933
PAY000238,2025-11-04T20:27:39,2025-11-23T04:02:39,O002428,C01878,CASH,34346198
PAY000239,2025-08-25T19:08:39,2025-09-01T06:27:39,O000247,C02019,CASH,54646736
PAY000240,2025-11-29T22:43:39,2025-12-28T13:50:39,O001123,C02045,BANKING,27167367
PAY000241,2026-06-04T05:06:39,2026-06-29T07:16:39,O002454,C00933,CASH,31223543
PAY000242,2026-01-14T09:58:39,2026-01-26T13:29:39,O000274,C01875,CASH,73226778
PAY000243,2025-08-03T20:01:39,2025-08-30T02:34:39,O002456,C01302,CASH,61649164
PAY000244,2026-05-19T11:08:39,2026-06-15T01:27:39,O002457,C01382,CASH,119732610
PAY000245,2025-12-19T22:47:39,2026-01-13T00:51:39,O002458,C01580,BANKING,6870067
PAY000246,2025-12-05T17:02:39,2026-01-03T10:26:39,O001596,C00565,CASH,21059490
PAY000247,2025-07-23T03:44:39,2025-08-18T03:33:39,O001597,C00369,CASH,41203736
PAY000248,2026-05-16T18:53:39,2026-05-29T19:11:39,O000262,C00942,CASH,18980285
PAY000249,2026-01-04T10:16:39,2026-01-12T04:43:39,O001114,C00983,BANKING,34992920
PAY000250,2025-12-16T18:40:39,2026-01-08T16:30:39,O001116,C01834,CASH,48377386
PAY000251,2025-07-12T10:47:39,2025-07-13T13:50:39,O002447,C02157,BANKING,31021580
PAY000252,2026-02-21T11:20:39,2026-03-15T13:53:39,O001119,C01802,BANKING,42138836
PAY000253,2026-03-28T11:51:39,2026-04-17T10:17:39,O001593,C01567,CASH,59061512
PAY000254,2025-12-16T03:36:39,2025-12-27T14:10:39,O001110,C00284,CASH,15815712
PAY000255,2026-05-15T00:30:39,2026-06-11T14:50:39,O001594,C00066,BANKING,77353091
PAY000256,2025-10-06T15:30:39,2025-10-11T06:45:39,O001111,C00677,BANKING,127273302
PAY000257,2026-03-06T16:28:39,2026-03-30T20:02:39,O001541,C02007,BANKING,40470444
PAY000258,2025-08-17T19:53:39,2025-08-21T08:40:39,O002872,C01628,BANKING,43111262
PAY000259,2025-06-20T23:00:39,2025-06-28T01:19:39,O000691,C00900,BANKING,66115239
PAY000260,2026-01-10T06:52:39,2026-01-28T10:12:39,O000690,C00062,CASH,88140982
PAY000261,2025-09-21T09:31:39,2025-10-21T22:44:39,O001546,C00461,CASH,75673169
PAY000262,2026-04-13T23:29:39,2026-04-21T23:14:39,O001547,C01071,BANKING,101261379
PAY000263,2025-09-05T13:22:39,2025-09-13T10:34:39,O002879,C00998,CASH,8905096
PAY000264,2026-02-01T09:56:39,2026-02-18T05:44:39,O000215,C00348,BANKING,33306486
PAY000265,2025-11-24T01:54:39,2025-11-26T16:55:39,O000697,C00898,CASH,68890481
PAY000266,2025-07-16T08:15:39,2025-07-16T17:12:39,O000696,C01238,CASH,73456264
PAY000267,2025-08-14T14:10:39,2025-09-05T01:10:39,O000210,C00111,CASH,39859069
PAY000268,2025-11-30T12:21:39,2025-12-16T22:57:39,O000694,C01797,CASH,104884646
PAY000269,2025-09-30T14:19:39,2025-10-05T20:08:39,O000680,C00417,BANKING,8691752
PAY000270,2025-09-11T07:17:39,2025-09-15T10:43:39,O001533,C00598,BANKING,11948708
PAY000271,2026-04-15T05:59:39,2026-05-03T13:13:39,O001534,C01985,CASH,291165
PAY000272,2026-01-31T19:04:39,2026-02-17T16:31:39,O002865,C02406,BANKING,16886184
PAY000273,2025-12-06T00:10:39,2025-12-21T11:36:39,O000207,C01477,BANKING,54806929
PAY000274,2025-09-23T11:24:39,2025-10-13T22:32:39,O000203,C01500,CASH,30215792
PAY000275,2026-01-30T20:31:39,2026-02-03T17:41:39,O002894,C00883,CASH,3929175
PAY000276,2025-10-23T10:57:39,2025-11-16T10:18:39,O000230,C01705,BANKING,30356616
PAY000277,2026-03-27T11:51:39,2026-04-04T18:25:39,O001566,C01246,BANKING,18887500
PAY000278,2025-12-13T16:52:39,2025-12-17T05:15:39,O001567,C00693,CASH,94450303
PAY000279,2025-06-29T01:11:39,2025-07-13T11:39:39,O002414,C00407,CASH,115023853
PAY000280,2025-08-03T13:55:39,2025-08-22T18:22:39,O002415,C01786,CASH,63068008
PAY000281,2026-04-20T09:11:39,2026-04-26T19:38:39,O002416,C02191,CASH,38555092
PAY000282,2026-04-05T00:46:39,2026-05-04T20:14:39,O002417,C00659,CASH,45788438
PAY000283,2026-01-30T11:49:39,2026-02-07T13:26:39,O000233,C00222,BANKING,37215840
PAY000284,2025-09-05T07:40:39,2025-09-18T17:11:39,O001562,C01874,BANKING,7413566
PAY000285,2025-10-24T18:42:39,2025-10-28T12:59:39,O002883,C02358,CASH,48951067
PAY000286,2025-10-02T19:46:39,2025-10-17T07:04:39,O002885,C01076,CASH,26623676
PAY000287,2025-08-06T23:48:39,2025-08-13T05:52:39,O002887,C02260,CASH,26113146
PAY000288,2025-11-11T19:59:39,2025-11-12T21:51:39,O002888,C00377,CASH,14148381
PAY000289,2025-07-28T00:37:39,2025-08-14T11:27:39,O002405,C00323,BANKING,16996614
PAY000290,2026-04-18T02:06:39,2026-04-21T18:59:39,O002409,C01772,BANKING,12409106
PAY000291,2026-03-17T16:14:39,2026-04-16T06:27:39,O000228,C01801,BANKING,27549062
PAY000292,2025-12-10T18:36:39,2025-12-16T12:19:39,O000226,C00858,CASH,49100242
PAY000293,2025-07-22T20:32:39,2025-07-25T19:52:39,O000224,C02278,BANKING,87161500
PAY000294,2026-05-13T19:58:39,2026-06-02T19:52:39,O002881,C02100,BANKING,54705376
PAY000295,2025-10-26T14:54:39,2025-11-25T20:22:39,O002830,C01989,BANKING,125263233
PAY000296,2026-05-06T01:18:39,2026-05-26T21:32:39,O001500,C01830,CASH,3601994
PAY000297,2026-01-07T02:56:39,2026-01-24T23:18:39,O001984,C00222,BANKING,30364252
PAY000298,2026-01-11T01:13:39,2026-01-19T12:52:39,O002837,C00421,BANKING,10596436
PAY000299,2026-03-07T16:29:39,2026-03-17T06:03:39,O002838,C00678,CASH,10113741
PAY000300,2026-01-15T08:03:39,2026-02-02T23:35:39,O001508,C00257,BANKING,37645509
PAY000301,2026-04-21T05:28:39,2026-05-21T19:24:39,O002839,C02140,CASH,9468044
PAY000302,2026-04-13T15:55:39,2026-04-17T17:10:39,O000651,C00111,CASH,36419526
PAY000303,2025-06-13T19:44:39,2025-07-05T01:30:39,O002821,C01672,BANKING,31609095
PAY000304,2025-08-17T06:37:39,2025-08-19T04:18:39,O002822,C00090,BANKING,36784649
PAY000305,2025-07-05T20:01:39,2025-08-02T11:56:39,O001977,C00551,CASH,52931708
PAY000306,2026-01-14T00:06:39,2026-01-19T20:49:39,O002826,C01906,BANKING,37604357
PAY000307,2026-01-23T16:26:39,2026-01-27T06:38:39,O002829,C00075,BANKING,33572778
PAY000308,2025-10-04T20:31:39,2025-10-08T14:56:39,O000644,C02063,BANKING,48337273
PAY000309,2026-05-04T15:55:39,2026-06-03T05:17:39,O000641,C01044,CASH,19735572
PAY000310,2025-09-09T00:20:39,2025-09-27T01:01:39,O000670,C01461,CASH,31614871
PAY000311,2025-06-22T23:49:39,2025-06-26T21:50:39,O002854,C00184,BANKING,136615630
PAY000312,2025-11-16T12:48:39,2025-12-04T08:45:39,O001524,C02467,BANKING,44132378
PAY000313,2025-10-26T04:39:39,2025-10-28T08:52:39,O001526,C00707,BANKING,23446283
PAY000314,2025-07-27T02:22:39,2025-07-28T05:14:39,O002857,C00362,CASH,2587510
PAY000315,2026-04-02T21:01:39,2026-05-01T22:25:39,O002859,C02457,BANKING,39940446
PAY000316,2025-11-06T06:49:39,2025-11-28T17:53:39,O000678,C01263,CASH,33086036
PAY000317,2025-09-24T04:38:39,2025-10-03T11:55:39,O000677,C00677,CASH,58279054
PAY000318,2026-01-28T17:26:39,2026-02-19T23:30:39,O001992,C00071,BANKING,86069505
PAY000319,2026-04-05T15:33:39,2026-04-27T17:18:39,O002842,C01103,BANKING,19188838
PAY000320,2025-12-14T15:46:39,2025-12-28T06:37:39,O001512,C02068,CASH,27787868
PAY000321,2025-07-10T07:10:39,2025-07-20T10:03:39,O001996,C00796,BANKING,73249477
PAY000322,2026-02-17T14:48:39,2026-03-15T05:09:39,O001513,C01473,BANKING,7314406
PAY000323,2026-01-20T09:53:39,2026-02-08T15:09:39,O001517,C01377,BANKING,4218322
PAY000324,2025-09-15T22:14:39,2025-10-15T15:34:39,O000668,C02215,BANKING,141771700
PAY000325,2026-04-23T14:37:39,2026-05-01T01:34:39,O000667,C01985,BANKING,37114214
PAY000326,2026-05-13T15:48:39,2026-06-05T17:44:39,O000665,C00080,BANKING,93782441
PAY000327,2026-06-01T03:27:39,2026-06-24T17:49:39,O000664,C00533,CASH,9984952
PAY000328,2026-05-11T19:23:39,2026-06-02T19:08:39,O001946,C02442,BANKING,56491497
PAY000329,2025-11-27T23:55:39,2025-12-07T11:00:39,O000614,C00365,CASH,15933408
PAY000330,2025-08-31T16:07:39,2025-09-11T16:23:39,O001931,C00952,BANKING,72837986
PAY000331,2026-05-02T19:15:39,2026-05-05T13:37:39,O001932,C00802,BANKING,80024590
PAY000332,2025-10-03T12:09:39,2025-10-12T18:06:39,O001960,C01245,CASH,18334102
PAY000333,2026-01-06T21:23:39,2026-01-10T04:25:39,O001963,C01054,BANKING,76873013
PAY000334,2025-11-11T08:34:39,2025-11-14T02:19:39,O001965,C00140,CASH,52533617
PAY000335,2026-04-18T06:11:39,2026-04-27T03:15:39,O002812,C01122,CASH,29973275
PAY000336,2026-05-26T02:44:39,2026-06-10T00:57:39,O002813,C01903,BANKING,65517356
PAY000337,2026-04-26T22:54:39,2026-05-04T11:17:39,O002814,C02038,CASH,97658560
PAY000338,2026-01-28T14:52:39,2026-02-16T22:28:39,O001969,C02334,BANKING,21566154
PAY000339,2025-12-15T23:32:39,2026-01-11T08:49:39,O000636,C01989,CASH,24262600
PAY000340,2026-04-05T21:18:39,2026-04-28T05:10:39,O000632,C01295,BANKING,88088825
PAY000341,2026-02-10T21:29:39,2026-03-05T11:29:39,O001950,C02090,CASH,42808013
PAY000342,2026-04-29T10:29:39,2026-05-20T02:01:39,O001956,C00942,CASH,9953297
PAY000343,2025-07-03T21:15:39,2025-08-03T18:31:39,O001958,C00597,BANKING,61322583
PAY000344,2025-07-13T15:00:39,2025-08-02T10:10:39,O002805,C00256,BANKING,69132754
PAY000345,2025-08-13T03:40:39,2025-08-17T20:17:39,O002808,C02107,CASH,27183438
PAY000346,2026-03-21T06:23:39,2026-04-14T18:56:39,O002809,C00612,CASH,27792258
PAY000347,2025-08-06T18:42:39,2025-08-11T21:11:39,O000622,C01469,BANKING,26117218
PAY000348,2026-03-21T05:24:39,2026-04-07T19:39:39,O000621,C00828,BANKING,124785609
PAY000349,2025-09-26T03:17:39,2025-10-16T18:12:39,O001905,C01899,BANKING,45025332
PAY000350,2025-10-08T10:22:39,2025-10-15T14:10:39,O001922,C00013,CASH,70902156
PAY000351,2026-02-15T04:42:39,2026-02-20T18:50:39,O001929,C00017,BANKING,53783477
PAY000352,2026-06-09T00:01:39,2026-06-20T05:13:39,O001919,C00464,CASH,63166724
PAY000353,2026-05-26T05:30:39,2026-06-24T02:55:39,O001091,C00963,BANKING,29940663
PAY000354,2025-07-16T02:01:39,2025-08-01T17:36:39,O001098,C00090,CASH,51796626
PAY000355,2025-10-29T13:31:39,2025-11-15T11:25:39,O001068,C00565,CASH,66116916
PAY000356,2025-08-18T06:31:39,2025-09-16T17:54:39,O001069,C02084,CASH,40656050
PAY000357,2026-01-08T22:15:39,2026-01-08T22:59:39,O002390,C02156,CASH,21375314
PAY000358,2025-10-26T13:44:39,2025-11-23T01:48:39,O001062,C00435,CASH,31492887
PAY000359,2025-10-28T11:21:39,2025-11-01T05:23:39,O001063,C00927,CASH,16323210
PAY000360,2025-08-11T05:09:39,2025-08-28T18:52:39,O002395,C00183,CASH,8526480
PAY000361,2025-10-12T01:42:39,2025-10-20T22:36:39,O001065,C01729,CASH,46877453
PAY000362,2025-11-14T12:28:39,2025-11-17T11:59:39,O002398,C00580,BANKING,108125554
PAY000363,2025-09-08T10:41:39,2025-09-20T11:45:39,O001057,C00309,CASH,118311458
PAY000364,2026-03-26T07:59:39,2026-04-05T14:20:39,O002382,C01968,CASH,33294615
PAY000365,2025-11-03T06:15:39,2025-12-03T19:04:39,O002383,C00873,CASH,33030973
PAY000366,2025-11-02T06:14:39,2025-11-14T09:20:39,O001053,C00581,CASH,26095362
PAY000367,2026-01-28T00:18:39,2026-02-13T22:55:39,O001081,C01405,CASH,47739916
PAY000368,2026-04-25T15:28:39,2026-05-14T17:35:39,O001079,C01195,CASH,48977734
PAY000369,2026-05-17T20:34:39,2026-05-23T08:46:39,O001070,C00359,CASH,89731694
PAY000370,2025-12-29T00:15:39,2026-01-12T13:54:39,O000176,C01084,BANKING,8425940
PAY000371,2026-04-20T19:09:39,2026-05-20T01:41:39,O000171,C00701,BANKING,32749746
PAY000372,2026-05-15T20:51:39,2026-06-05T03:07:39,O002345,C01408,BANKING,15541368
PAY000373,2026-04-06T14:49:39,2026-04-10T16:21:39,O001015,C00751,BANKING,12401883
PAY000374,2025-10-25T00:47:39,2025-11-21T08:56:39,O001016,C00632,BANKING,17714078
PAY000375,2025-11-20T10:50:39,2025-12-21T08:03:39,O001490,C00792,BANKING,72151210
PAY000376,2026-04-21T09:36:39,2026-05-17T22:56:39,O001493,C01243,BANKING,3272232
PAY000377,2025-10-24T01:08:39,2025-11-16T15:27:39,O000168,C01178,CASH,39792455
PAY000378,2026-02-26T00:26:39,2026-03-16T00:59:39,O002341,C01082,CASH,30750524
PAY000379,2025-12-10T21:09:39,2026-01-07T19:09:39,O000166,C02252,BANKING,65326056
PAY000380,2026-03-05T05:48:39,2026-03-17T18:08:39,O001012,C01366,CASH,26746788
PAY000381,2025-12-19T09:12:39,2025-12-24T17:11:39,O000198,C00024,BANKING,91740173
PAY000382,2025-10-23T22:54:39,2025-11-23T01:24:39,O001049,C00014,CASH,73924512
PAY000383,2025-07-23T17:46:39,2025-08-09T14:48:39,O001041,C00771,BANKING,57205948
PAY000384,2025-11-06T19:59:39,2025-12-05T10:10:39,O002372,C00431,BANKING,37453033
PAY000385,2025-09-14T01:35:39,2025-09-21T19:23:39,O002373,C00214,CASH,44804385
PAY000386,2026-05-28T01:24:39,2026-06-16T18:52:39,O001044,C02037,BANKING,40673730
PAY000387,2026-05-04T08:58:39,2026-05-08T16:28:39,O001045,C00120,BANKING,83974860
PAY000388,2026-04-10T20:12:39,2026-04-24T19:53:39,O002376,C01482,BANKING,21725181
PAY000389,2026-05-18T08:37:39,2026-06-01T01:33:39,O000184,C01661,CASH,38167468
PAY000390,2025-09-02T10:22:39,2025-09-12T13:01:39,O000183,C00904,BANKING,2507582
PAY000391,2026-06-01T06:33:39,2026-07-01T22:09:39,O002362,C00343,BANKING,24337327
PAY000392,2026-04-12T16:58:39,2026-05-01T05:48:39,O002364,C01847,CASH,10920150
PAY000393,2025-12-19T07:32:39,2026-01-04T15:29:39,O000188,C01582,BANKING,15969491
PAY000394,2025-11-30T08:12:39,2025-12-27T17:07:39,O000132,C02395,CASH,36864005
PAY000395,2026-04-27T12:58:39,2026-05-16T14:11:39,O001464,C00013,BANKING,57006730
PAY000396,2025-09-06T07:43:39,2025-09-27T00:18:39,O001465,C00360,CASH,2971770
PAY000397,2026-02-11T01:47:39,2026-02-19T04:29:39,O002796,C01392,BANKING,18667266
PAY000398,2025-08-23T12:16:39,2025-08-24T11:21:39,O002797,C02372,BANKING,28976482
PAY000399,2026-01-12T08:40:39,2026-02-04T11:07:39,O002798,C00125,BANKING,32638545
PAY000400,2025-11-16T21:49:39,2025-11-25T06:16:39,O002315,C01627,CASH,87535038
PAY000401,2025-09-12T07:23:39,2025-10-08T20:43:39,O000138,C02298,CASH,53001230
PAY000402,2025-08-10T08:45:39,2025-08-17T21:09:39,O002790,C00143,BANKING,6037605
PAY000403,2025-10-11T08:28:39,2025-11-02T06:28:39,O002792,C01369,BANKING,39029137
PAY000404,2025-10-16T18:04:39,2025-11-12T17:22:39,O001462,C00125,CASH,26210411
PAY000405,2026-02-15T02:23:39,2026-03-05T23:37:39,O002794,C00306,BANKING,2622520
PAY000406,2026-03-06T06:20:39,2026-03-06T17:01:39,O000121,C01228,CASH,37611222
PAY000407,2025-09-07T13:01:39,2025-10-05T04:05:39,O002786,C00047,BANKING,63318304
PAY000408,2026-06-09T09:14:39,2026-06-21T03:03:39,O002787,C00660,CASH,11606283
PAY000409,2025-08-26T02:51:39,2025-08-28T17:11:39,O002788,C02172,BANKING,48831240
PAY000410,2025-09-30T01:28:39,2025-10-07T16:22:39,O000123,C01317,BANKING,58768348
PAY000411,2026-02-22T11:44:39,2026-03-05T15:01:39,O001452,C02161,CASH,72350323
PAY000412,2026-02-17T01:26:39,2026-03-05T20:28:39,O001486,C00791,BANKING,85031028
PAY000413,2026-01-14T22:33:39,2026-02-07T02:11:39,O002334,C00331,CASH,57537595
PAY000414,2025-11-28T15:37:39,2025-12-19T02:38:39,O002336,C00147,BANKING,59021814
PAY000415,2026-02-24T06:29:39,2026-03-27T05:26:39,O002337,C01475,CASH,23013724
PAY000416,2026-05-17T19:29:39,2026-06-14T03:29:39,O002339,C00902,CASH,27600434
PAY000417,2025-11-11T01:56:39,2025-12-10T18:52:39,O001480,C00058,CASH,62732115
PAY000418,2026-01-24T13:09:39,2026-02-02T02:59:39,O001482,C00225,BANKING,91589808
PAY000419,2026-04-06T21:10:39,2026-05-03T00:21:39,O001483,C00808,BANKING,113634210
PAY000420,2025-06-25T04:47:39,2025-07-20T10:03:39,O002331,C01289,CASH,103867304
PAY000421,2025-07-21T20:37:39,2025-08-05T06:52:39,O000141,C00202,CASH,52978708
PAY000422,2025-06-19T01:21:39,2025-07-14T03:20:39,O000140,C02353,BANKING,31603332
PAY000423,2026-03-08T19:55:39,2026-03-17T02:23:39,O002326,C00283,BANKING,59540707
PAY000424,2025-12-07T16:09:39,2025-12-20T05:53:39,O002329,C01299,BANKING,48496250
PAY000425,2025-08-26T15:57:39,2025-09-24T04:27:39,O002320,C02446,BANKING,20036570
PAY000426,2026-04-21T13:58:39,2026-05-05T01:44:39,O000144,C01010,CASH,15933408
PAY000427,2025-10-21T00:54:39,2025-10-22T13:21:39,O001474,C01031,CASH,8438941
PAY000428,2025-08-16T14:37:39,2025-09-16T11:08:39,O001420,C01560,CASH,50558382
PAY000429,2025-12-02T17:03:39,2025-12-28T19:09:39,O002751,C02251,BANKING,34611688
PAY000430,2025-06-22T16:03:39,2025-07-15T13:41:39,O001421,C02427,CASH,48646137
PAY000431,2026-01-06T07:28:39,2026-01-24T15:28:39,O002752,C01465,BANKING,105375864
PAY000432,2026-05-06T00:40:39,2026-06-01T08:01:39,O002754,C01698,BANKING,59520416
PAY000433,2026-04-10T17:49:39,2026-04-26T18:54:39,O001424,C01790,CASH,3272232
PAY000434,2025-08-10T17:42:39,2025-08-27T06:53:39,O002756,C01213,BANKING,34580764
PAY000435,2025-11-10T15:22:39,2025-12-01T14:41:39,O002759,C02013,CASH,658841
PAY000436,2025-09-03T08:32:39,2025-09-16T18:50:39,O000577,C00809,BANKING,71567920
PAY000437,2026-03-17T14:44:39,2026-04-13T03:37:39,O000561,C00726,CASH,70225475
PAY000438,2025-08-09T09:10:39,2025-08-11T16:56:39,O002740,C01330,BANKING,105175381
PAY000439,2025-09-26T12:01:39,2025-10-03T16:18:39,O002741,C02099,CASH,27659071
PAY000440,2025-09-10T11:15:39,2025-09-30T11:14:39,O001413,C00255,BANKING,1127057
PAY000441,2025-11-18T14:48:39,2025-11-27T07:22:39,O002744,C00275,CASH,27131899
PAY000442,2025-08-14T19:22:39,2025-08-17T18:08:39,O001414,C01882,CASH,62760303
PAY000443,2026-04-02T21:25:39,2026-04-25T08:42:39,O001898,C02154,BANKING,52420822
PAY000444,2025-09-04T16:22:39,2025-09-23T20:33:39,O001416,C00807,BANKING,45456680
PAY000445,2026-05-27T02:36:39,2026-06-10T18:54:39,O002748,C01470,BANKING,40900734
PAY000446,2025-11-02T01:06:39,2025-11-18T16:01:39,O000567,C00069,BANKING,28914485
PAY000447,2025-08-09T10:19:39,2025-08-13T12:14:39,O000565,C00190,CASH,41714082
PAY000448,2025-11-15T19:31:39,2025-11-18T09:06:39,O001891,C00969,BANKING,33636312
PAY000449,2025-12-28T07:41:39,2026-01-24T08:04:39,O002776,C02112,CASH,43450362
PAY000450,2026-01-10T06:48:39,2026-01-31T03:42:39,O000590,C01721,CASH,21253998
PAY000451,2025-10-29T03:22:39,2025-11-03T04:57:39,O002777,C00317,CASH,54830028
PAY000452,2025-12-02T09:44:39,2025-12-16T15:01:39,O001448,C01207,CASH,68616881
PAY000453,2025-06-30T20:40:39,2025-07-18T18:04:39,O001449,C00649,CASH,12075210
PAY000454,2025-10-01T15:26:39,2025-10-09T10:44:39,O002771,C02224,BANKING,105030844
PAY000455,2026-05-30T13:06:39,2026-06-22T21:36:39,O000580,C02068,CASH,52402775
PAY000456,2025-12-19T23:39:39,2026-01-17T08:38:39,O001434,C01045,CASH,75062993
PAY000457,2026-06-01T04:24:39,2026-06-14T16:13:39,O002768,C00065,CASH,24994183
PAY000458,2026-03-27T12:29:39,2026-04-02T03:56:39,O000106,C02277,CASH,79508708
PAY000459,2025-09-19T14:09:39,2025-09-26T16:08:39,O000588,C00483,BANKING,1561640
PAY000460,2026-02-22T19:02:39,2026-03-14T14:26:39,O000587,C00030,BANKING,54477840
PAY000461,2025-10-04T05:52:39,2025-10-22T10:47:39,O000102,C00163,BANKING,74680572
PAY000462,2026-05-28T11:45:39,2026-05-31T08:58:39,O000101,C01181,BANKING,64944600
PAY000463,2025-10-30T07:16:39,2025-10-30T15:30:39,O001866,C00601,CASH,37321746
PAY000464,2026-04-22T05:33:39,2026-05-14T14:46:39,O002714,C00893,CASH,83542816
PAY000465,2025-08-04T20:27:39,2025-08-13T19:12:39,O001869,C00501,BANKING,33337611
PAY000466,2025-11-04T07:47:39,2025-11-23T17:24:39,O002719,C00253,CASH,58574678
PAY000467,2026-01-23T23:33:39,2026-01-28T10:17:39,O000539,C00001,CASH,84916556
PAY000468,2025-06-30T11:18:39,2025-07-24T18:51:39,O000533,C01317,BANKING,75466764
PAY000469,2026-01-02T04:52:39,2026-01-16T10:23:39,O001851,C01553,CASH,21670672
PAY000470,2025-07-19T19:04:39,2025-07-29T00:21:39,O001854,C00623,CASH,84220158
PAY000471,2025-08-19T11:01:39,2025-08-30T05:05:39,O002701,C01315,CASH,41343916
PAY000472,2025-11-03T04:57:39,2025-11-24T21:17:39,O002702,C02065,CASH,143367038
PAY000473,2026-06-06T03:21:39,2026-06-17T08:15:39,O001856,C01811,BANKING,14998140
PAY000474,2025-07-04T17:26:39,2025-07-30T17:54:39,O001857,C01358,BANKING,65041548
PAY000475,2025-07-24T03:03:39,2025-07-25T00:37:39,O002704,C02403,BANKING,16178331
PAY000476,2025-08-29T23:10:39,2025-09-29T15:12:39,O002707,C00253,CASH,43534036
PAY000477,2025-09-15T13:17:39,2025-10-05T21:13:39,O002708,C01896,BANKING,51038152
PAY000478,2026-04-11T03:56:39,2026-05-05T23:55:39,O000524,C01600,CASH,10953558
PAY000479,2026-06-07T14:14:39,2026-07-04T12:28:39,O000520,C00082,CASH,42653401
PAY000480,2025-10-25T04:12:39,2025-11-25T00:32:39,O001883,C00139,CASH,30985868
PAY000481,2026-01-02T21:16:39,2026-01-15T16:39:39,O001884,C00748,BANKING,41579570
PAY000482,2026-04-21T12:51:39,2026-04-24T09:19:39,O002731,C00185,CASH,14175810
PAY000483,2025-08-15T06:05:39,2025-08-31T15:22:39,O001401,C00714,CASH,27822798
PAY000484,2026-03-01T07:48:39,2026-03-03T23:04:39,O001886,C01631,BANKING,2680238
PAY000485,2025-08-19T03:52:39,2025-09-12T15:31:39,O002736,C01821,BANKING,36846076
PAY000486,2026-01-07T15:13:39,2026-01-26T21:35:39,O001406,C00184,CASH,17277930
PAY000487,2025-11-13T16:54:39,2025-12-08T04:44:39,O002737,C00186,CASH,12886258
PAY000488,2025-11-02T12:24:39,2025-11-18T17:45:39,O002738,C01407,BANKING,50686152
PAY000489,2026-06-01T11:25:39,2026-06-20T07:27:39,O001408,C01863,BANKING,43822759
PAY000490,2026-05-06T06:01:39,2026-05-30T20:46:39,O000558,C00739,BANKING,13090141
PAY000491,2025-12-25T15:01:39,2026-01-09T06:46:39,O001881,C01952,BANKING,51620246
PAY000492,2026-03-12T17:35:39,2026-03-27T05:31:39,O001876,C01592,BANKING,5099936
PAY000493,2026-01-06T01:33:39,2026-01-23T18:47:39,O001878,C00721,BANKING,30553958
PAY000494,2025-08-30T19:06:39,2025-09-06T10:40:39,O002727,C00799,BANKING,28757894
PAY000495,2025-07-15T14:53:39,2025-07-21T01:08:39,O000541,C00088,CASH,52975740
PAY000496,2025-08-15T01:33:39,2025-08-21T23:24:39,O000540,C00591,BANKING,68795954
PAY000497,2025-07-30T11:41:39,2025-08-05T02:32:39,O001826,C00819,CASH,32845179
PAY000498,2025-07-16T21:29:39,2025-07-21T11:49:39,O001828,C01538,BANKING,26820250
PAY000499,2025-08-18T01:46:39,2025-09-17T01:12:39,O001813,C01013,BANKING,42715088
PAY000500,2026-01-21T14:36:39,2026-01-26T05:17:39,O001847,C02483,BANKING,42411588
PAY000501,2026-01-25T23:21:39,2026-02-16T16:00:39,O001848,C01983,CASH,27030149
PAY000502,2025-12-30T12:28:39,2026-01-03T18:39:39,O000516,C00822,CASH,35135758
PAY000503,2025-09-11T20:24:39,2025-09-21T22:25:39,O000999,C00771,BANKING,16093547
PAY000504,2025-12-11T06:27:39,2026-01-02T17:25:39,O000998,C02393,BANKING,91654400
PAY000505,2025-11-05T17:15:39,2025-11-14T11:47:39,O000513,C01623,CASH,52535212
PAY000506,2025-10-22T09:10:39,2025-11-16T20:33:39,O000997,C02197,BANKING,115127544
PAY000507,2026-01-20T02:34:39,2026-02-06T10:47:39,O000995,C00672,CASH,107583709
PAY000508,2025-08-28T16:26:39,2025-09-16T06:13:39,O001830,C01501,BANKING,36166420
PAY000509,2025-08-23T05:58:39,2025-09-14T22:31:39,O001833,C02484,BANKING,89558102
PAY000510,2026-04-04T09:03:39,2026-04-13T03:44:39,O000504,C02114,BANKING,55235094
PAY000511,2025-06-14T18:08:39,2025-06-17T00:00:39,O000501,C02491,BANKING,95601476
PAY000512,2026-01-20T06:39:39,2026-01-20T19:02:39,O000983,C01415,CASH,105048888
PAY000513,2026-02-24T19:16:39,2026-03-01T10:34:39,O000981,C01899,BANKING,126314114
PAY000514,2025-07-14T23:18:39,2025-08-06T13:22:39,O000937,C00458,CASH,33761917
PAY000515,2025-11-21T03:31:39,2025-12-09T07:00:39,O000932,C00169,CASH,74457334
PAY000516,2025-11-23T16:41:39,2025-11-26T11:55:39,O000928,C00971,BANKING,33130978
PAY000517,2026-02-24T20:48:39,2026-03-26T16:16:39,O000927,C02320,CASH,117152094
PAY000518,2026-02-14T17:25:39,2026-02-22T21:41:39,O001801,C01206,CASH,36719642
PAY000519,2025-11-26T16:34:39,2025-12-16T01:02:39,O001803,C02234,BANKING,15480586
PAY000520,2026-05-12T01:57:39,2026-06-08T23:13:39,O001808,C00237,CASH,21055662
PAY000521,2025-10-28T10:05:39,2025-11-02T01:39:39,O000956,C02271,BANKING,42618180
PAY000522,2026-01-05T01:20:39,2026-01-21T00:42:39,O000952,C01582,BANKING,174377656
PAY000523,2025-11-21T15:06:39,2025-12-02T23:27:39,O000950,C01907,BANKING,62378212
PAY000524,2025-07-24T13:25:39,2025-08-21T20:03:39,O000908,C00202,CASH,4585829
PAY000525,2025-06-14T04:45:39,2025-06-17T04:33:39,O000917,C01888,CASH,94962030
PAY000526,2025-11-15T02:02:39,2025-11-15T05:51:39,O000912,C01669,BANKING,22560637
PAY000527,2026-01-03T11:24:39,2026-01-25T09:45:39,O002279,C00789,CASH,55030284
PAY000528,2026-04-08T00:24:39,2026-04-16T19:23:39,O000097,C00918,CASH,30649247
PAY000529,2025-12-05T19:51:39,2025-12-08T19:17:39,O000090,C02115,BANKING,48794800
PAY000530,2025-11-11T15:41:39,2025-11-23T13:14:39,O002273,C02164,CASH,36943481
PAY000531,2025-10-17T04:57:39,2025-10-28T03:08:39,O002274,C00060,CASH,735462
PAY000532,2025-11-29T14:56:39,2025-12-01T05:39:39,O002276,C01758,BANKING,22133024
PAY000533,2025-07-31T04:29:39,2025-08-11T17:06:39,O000087,C00354,CASH,103507994
PAY000534,2025-10-19T07:44:39,2025-10-25T08:30:39,O002268,C02056,BANKING,31228485
PAY000535,2025-07-09T17:58:39,2025-07-13T15:46:39,O000085,C01828,CASH,43931358
PAY000536,2026-03-25T11:22:39,2026-04-04T01:53:39,O000082,C02483,BANKING,63454454
PAY000537,2026-03-18T06:48:39,2026-04-14T17:24:39,O000081,C01712,CASH,50952899
PAY000538,2026-02-02T20:23:39,2026-02-23T21:40:39,O002260,C00543,CASH,8911000
PAY000539,2026-05-08T17:28:39,2026-05-27T23:58:39,O002261,C01814,CASH,56344472
PAY000540,2026-04-24T23:38:39,2026-05-23T12:59:39,O002265,C02120,BANKING,10980818
PAY000541,2025-11-07T05:27:39,2025-11-18T02:02:39,O002297,C00225,CASH,11206012
PAY000542,2026-01-04T17:49:39,2026-01-16T13:02:39,O002299,C02135,BANKING,31636450
PAY000543,2025-12-28T15:41:39,2026-01-11T14:28:39,O002285,C01193,BANKING,91949168
PAY000544,2026-03-27T04:54:39,2026-04-09T03:58:39,O002286,C00761,CASH,78199316
PAY000545,2025-12-02T15:27:39,2025-12-11T22:02:39,O002288,C00243,CASH,68029554
PAY000546,2025-07-27T00:54:39,2025-08-15T12:00:39,O000055,C00865,CASH,17714078
PAY000547,2025-07-11T22:37:39,2025-08-03T14:27:39,O002236,C01103,BANKING,26613988
PAY000548,2026-05-15T03:54:39,2026-05-26T13:47:39,O001381,C01921,CASH,102833752
PAY000549,2026-01-28T19:50:39,2026-02-12T17:24:39,O001382,C00210,CASH,14708256
PAY000550,2025-07-04T15:39:39,2025-07-28T12:20:39,O001384,C01147,CASH,118420279
PAY000551,2025-10-12T15:36:39,2025-10-25T00:00:39,O000057,C00712,BANKING,27517139
PAY000552,2025-10-04T02:57:39,2025-11-01T01:27:39,O001385,C00921,CASH,46082038
PAY000553,2025-09-15T13:06:39,2025-10-06T09:09:39,O001386,C02414,CASH,35337417
PAY000554,2025-12-07T11:36:39,2026-01-05T21:48:39,O001376,C00464,CASH,4183914
PAY000555,2026-04-27T03:29:39,2026-05-08T22:44:39,O001377,C02339,CASH,55483293
PAY000556,2025-09-25T12:52:39,2025-09-28T15:42:39,O001379,C01557,CASH,20690236
PAY000557,2025-12-29T02:42:39,2026-01-16T10:09:39,O001370,C01924,CASH,21639120
PAY000558,2025-10-10T09:29:39,2025-10-17T19:07:39,O001371,C01746,BANKING,87889544
PAY000559,2025-10-18T16:02:39,2025-10-24T20:20:39,O001372,C01244,BANKING,9171658
PAY000560,2026-02-23T01:50:39,2026-03-22T20:19:39,O001374,C01564,CASH,43855596
PAY000561,2026-03-04T00:09:39,2026-04-01T19:49:39,O002221,C01489,BANKING,53122270
PAY000562,2025-12-12T06:02:39,2026-01-01T13:54:39,O000045,C00888,CASH,78721705
PAY000563,2025-11-09T04:01:39,2025-11-15T11:23:39,O002222,C00634,CASH,624312
PAY000564,2026-03-24T12:32:39,2026-04-21T14:27:39,O002256,C02316,BANKING,5360346
PAY000565,2025-07-30T04:51:39,2025-08-01T00:40:39,O000073,C00267,CASH,55549833
PAY000566,2026-02-04T17:55:39,2026-02-20T07:39:39,O000071,C01332,CASH,49817824
PAY000567,2025-08-07T03:43:39,2025-08-15T12:59:39,O002255,C01850,BANKING,33202514
PAY000568,2025-08-23T09:57:39,2025-09-05T14:18:39,O001398,C00155,BANKING,32889151
PAY000569,2025-06-28T14:45:39,2025-07-26T19:11:39,O002246,C01990,BANKING,15320089
PAY000570,2025-10-31T02:19:39,2025-11-17T12:08:39,O002249,C02150,CASH,83575054
PAY000571,2025-11-18T00:29:39,2025-11-29T22:30:39,O001391,C01013,CASH,18961871
PAY000572,2025-06-17T14:32:39,2025-06-22T13:02:39,O001393,C00627,BANKING,108768166
PAY000573,2026-02-16T16:45:39,2026-02-19T18:28:39,O000069,C00332,BANKING,14859180
PAY000574,2026-05-16T08:52:39,2026-05-30T23:51:39,O002242,C01349,BANKING,6779412
PAY000575,2025-06-24T11:54:39,2025-07-06T20:02:39,O000068,C01958,CASH,26109220
PAY000576,2025-11-26T07:20:39,2025-12-02T03:47:39,O001396,C00198,CASH,39728260
PAY000577,2026-01-22T20:01:39,2026-02-07T02:10:39,O000067,C02092,CASH,68662126
PAY000578,2025-08-10T13:44:39,2025-09-08T07:10:39,O000011,C01609,CASH,4875762
PAY000579,2025-12-15T08:12:39,2026-01-09T14:14:39,O000010,C00190,CASH,70982845
PAY000580,2025-09-13T04:13:39,2025-10-04T22:03:39,O000492,C01359,BANKING,26844670
PAY000581,2026-02-22T16:19:39,2026-03-11T08:46:39,O002677,C01461,CASH,26478236
PAY000582,2025-12-20T00:06:39,2026-01-11T21:37:39,O000490,C01179,BANKING,36410536
PAY000583,2026-04-13T05:47:39,2026-05-08T23:17:39,O000018,C02493,BANKING,5372822
PAY000584,2025-09-27T14:35:39,2025-09-29T00:20:39,O000015,C00332,CASH,63651007
PAY000585,2026-01-14T08:03:39,2026-02-01T03:57:39,O002670,C02370,CASH,78375762
PAY000586,2026-03-29T11:13:39,2026-04-10T18:34:39,O001340,C02439,CASH,90310266
PAY000587,2025-08-13T07:15:39,2025-08-13T22:35:39,O000497,C00698,BANKING,112968089
PAY000588,2026-02-01T23:03:39,2026-02-24T16:46:39,O002672,C01391,BANKING,24411255
PAY000589,2025-11-24T23:47:39,2025-12-16T01:07:39,O000012,C02124,CASH,75025132
PAY000590,2025-12-13T13:54:39,2025-12-19T15:58:39,O001333,C01911,BANKING,68977887
PAY000591,2026-03-04T03:14:39,2026-03-30T07:26:39,O000481,C01016,CASH,70322588
PAY000592,2025-12-10T03:18:39,2026-01-02T16:11:39,O002669,C01273,BANKING,20623524
PAY000593,2025-12-29T06:56:39,2026-01-07T07:35:39,O000009,C01166,CASH,99810964
PAY000594,2026-02-08T07:25:39,2026-02-24T02:14:39,O000005,C01600,CASH,22477484
PAY000595,2025-12-12T18:21:39,2026-01-06T04:32:39,O000489,C00121,BANKING,56893656
PAY000596,2026-01-10T21:37:39,2026-01-22T04:07:39,O000488,C01269,CASH,39509058
PAY000597,2026-04-09T09:14:39,2026-05-07T21:24:39,O000003,C02433,BANKING,35951434
PAY000598,2026-04-09T06:13:39,2026-05-07T18:36:39,O000001,C02255,BANKING,26448364
PAY000599,2025-08-11T18:06:39,2025-08-19T19:05:39,O000485,C02371,CASH,78408424
PAY000600,2025-06-20T08:47:39,2025-06-29T13:45:39,O002212,C00361,BANKING,9839636
PAY000601,2026-05-20T10:37:39,2026-06-18T11:03:39,O001366,C01793,CASH,13028918
PAY000602,2025-10-21T22:18:39,2025-10-27T10:08:39,O002697,C00648,BANKING,55776145
PAY000603,2026-02-03T03:09:39,2026-02-11T18:20:39,O000031,C02180,CASH,28517950
PAY000604,2026-06-08T14:13:39,2026-07-07T08:46:39,O002214,C01796,BANKING,58269392
PAY000605,2026-01-13T03:16:39,2026-01-15T03:38:39,O000030,C01401,BANKING,42186004
PAY000606,2026-04-25T14:22:39,2026-05-10T17:37:39,O001368,C01013,CASH,29001910
PAY000607,2026-06-03T04:55:39,2026-06-07T02:47:39,O002215,C02250,CASH,70232948
PAY000608,2026-01-26T13:11:39,2026-02-04T16:07:39,O002217,C01865,CASH,39840598
PAY000609,2026-01-18T10:35:39,2026-02-03T03:53:39,O002219,C00634,BANKING,39860189
PAY000610,2025-07-13T09:51:39,2025-08-06T03:07:39,O000037,C01564,CASH,64513384
PAY000611,2025-09-01T01:48:39,2025-09-05T08:16:39,O001361,C02455,BANKING,67089059
PAY000612,2025-09-14T01:00:39,2025-10-14T20:34:39,O000036,C00599,CASH,62286586
PAY000613,2026-02-07T05:57:39,2026-03-08T12:23:39,O002693,C01758,CASH,2827448
PAY000614,2026-02-23T23:08:39,2026-03-02T16:11:39,O001363,C00469,CASH,9973644
PAY000615,2026-06-07T10:47:39,2026-06-22T16:33:39,O002210,C00386,CASH,70064158
PAY000616,2025-08-07T16:21:39,2025-08-09T23:08:39,O000034,C01288,BANKING,73803009
PAY000617,2025-08-07T18:49:39,2025-08-13T07:36:39,O000022,C00542,CASH,22099188
PAY000618,2026-04-28T12:09:39,2026-05-12T17:09:39,O002687,C00515,CASH,109107982
PAY000619,2025-07-03T06:26:39,2025-08-01T21:08:39,O001359,C00215,BANKING,84574288
PAY000620,2025-11-08T00:41:39,2025-12-06T18:36:39,O002207,C01577,CASH,92860970
PAY000621,2025-09-12T18:55:39,2025-09-13T01:47:39,O002208,C01429,BANKING,100373958
PAY000622,2025-09-25T06:27:39,2025-10-23T18:48:39,O002209,C00522,CASH,96840036
PAY000623,2026-03-04T07:28:39,2026-03-05T21:20:39,O000028,C01920,BANKING,28704795
PAY000624,2026-01-27T01:13:39,2026-02-14T09:20:39,O001350,C00497,CASH,38711033
PAY000625,2026-05-28T23:43:39,2026-05-31T00:12:39,O001353,C01875,CASH,41230275
PAY000626,2025-11-08T11:04:39,2025-11-10T02:32:39,O002684,C02393,CASH,12332969
PAY000627,2026-03-31T14:08:39,2026-04-05T22:37:39,O000451,C02132,BANKING,89302396
PAY000628,2025-10-22T02:15:39,2025-10-28T23:41:39,O002630,C01576,BANKING,9534328
PAY000629,2025-06-11T00:23:39,2025-07-06T08:13:39,O001300,C01158,BANKING,67953064
PAY000630,2025-11-20T17:31:39,2025-12-21T05:31:39,O001786,C00881,BANKING,16578521
PAY000631,2025-08-16T00:00:39,2025-08-28T08:40:39,O001789,C01065,CASH,98847724
PAY000632,2025-07-22T09:21:39,2025-08-09T16:05:39,O001306,C01497,BANKING,24030399
PAY000633,2026-01-26T01:46:39,2026-02-19T00:34:39,O001307,C00112,CASH,53763276
PAY000634,2026-03-17T06:51:39,2026-04-05T06:25:39,O001308,C00528,CASH,36216776
PAY000635,2025-12-16T23:20:39,2026-01-04T18:26:39,O000458,C02230,CASH,37551714
PAY000636,2025-11-08T15:50:39,2025-11-26T23:44:39,O000440,C01759,CASH,5508234
PAY000637,2026-05-08T11:39:39,2026-05-17T13:21:39,O001772,C01659,CASH,76442816
PAY000638,2026-03-14T13:14:39,2026-03-19T07:19:39,O002620,C01443,BANKING,36962324
PAY000639,2025-06-23T21:09:39,2025-07-14T17:54:39,O001776,C02440,BANKING,128087207
PAY000640,2025-07-18T04:50:39,2025-08-07T00:29:39,O001777,C01968,CASH,79704636
PAY000641,2025-06-25T17:11:39,2025-07-20T14:19:39,O002624,C01417,BANKING,74975745
PAY000642,2026-03-22T14:33:39,2026-03-25T11:30:39,O000446,C02419,CASH,52156540
PAY000643,2026-02-25T06:50:39,2026-03-20T15:41:39,O000444,C00291,BANKING,11832162
PAY000644,2025-12-24T14:43:39,2026-01-03T14:34:39,O001770,C01451,CASH,81392876
PAY000645,2026-03-28T05:09:39,2026-04-26T19:28:39,O000471,C02398,CASH,46112222
PAY000646,2026-02-28T15:05:39,2026-03-15T06:03:39,O002656,C02469,BANKING,25538263
PAY000647,2025-11-24T14:24:39,2025-12-19T09:20:39,O001327,C01742,BANKING,55924207
PAY000648,2025-12-16T16:26:39,2026-01-12T05:44:39,O002658,C01171,CASH,22384202
PAY000649,2025-12-09T19:47:39,2026-01-06T11:09:39,O000475,C01813,CASH,55532870
PAY000650,2025-12-07T23:52:39,2025-12-13T22:28:39,O002651,C02438,CASH,77368629
PAY000651,2026-06-05T17:33:39,2026-06-27T07:55:39,O000461,C01279,BANKING,72105468
PAY000652,2025-08-23T00:56:39,2025-09-13T13:21:39,O002642,C01294,CASH,75191285
PAY000653,2025-11-26T21:30:39,2025-12-15T09:35:39,O000460,C01058,BANKING,50126179
PAY000654,2025-10-14T12:55:39,2025-10-22T13:15:39,O001312,C02327,BANKING,27014693
PAY000655,2025-08-05T15:31:39,2025-08-14T17:02:39,O001796,C00710,BANKING,4144456
PAY000656,2025-08-23T17:52:39,2025-09-14T23:31:39,O001797,C00256,BANKING,15942771
PAY000657,2025-12-12T04:19:39,2025-12-29T05:55:39,O002644,C02155,BANKING,11206012
PAY000658,2025-07-08T01:47:39,2025-07-29T01:12:39,O002645,C00629,BANKING,11888818
PAY000659,2025-12-14T15:48:39,2026-01-01T07:46:39,O002646,C01027,BANKING,39395157
PAY000660,2025-09-06T01:19:39,2025-09-14T15:51:39,O001316,C02245,BANKING,7335949
PAY000661,2026-05-07T05:05:39,2026-05-14T09:25:39,O002649,C02281,CASH,4183914
PAY000662,2026-01-20T12:04:39,2026-01-25T19:52:39,O000467,C01925,CASH,48642164
PAY000663,2026-02-10T11:57:39,2026-03-01T22:48:39,O001741,C02417,CASH,35976359
PAY000664,2026-01-09T00:45:39,2026-01-16T04:02:39,O001742,C02176,BANKING,22519812
PAY000665,2025-08-05T18:56:39,2025-08-24T17:08:39,O001746,C01978,CASH,52219628
PAY000666,2026-05-09T21:01:39,2026-05-24T01:52:39,O000896,C00816,BANKING,28250322
PAY000667,2026-05-08T14:46:39,2026-05-30T00:29:39,O000411,C02117,BANKING,44934907
PAY000668,2026-06-09T21:06:39,2026-06-10T04:23:39,O000894,C02291,BANKING,26904060
PAY000669,2026-03-15T07:55:39,2026-03-15T21:27:39,O001731,C01375,BANKING,5064470
PAY000670,2026-04-30T08:22:39,2026-05-24T19:30:39,O001736,C00147,BANKING,82816718
PAY000671,2026-02-16T10:28:39,2026-03-08T08:17:39,O001738,C00107,BANKING,52455240
PAY000672,2026-02-06T18:03:39,2026-02-26T16:15:39,O000408,C00360,BANKING,9226412
PAY000673,2026-02-19T19:15:39,2026-02-23T07:24:39,O000407,C01755,CASH,76161268
PAY000674,2025-10-03T05:06:39,2025-10-04T05:21:39,O000889,C01273,CASH,76804274
PAY000675,2025-12-23T19:56:39,2025-12-24T00:01:39,O000404,C00091,CASH,53872754
PAY000676,2025-12-23T07:43:39,2026-01-16T03:45:39,O000888,C00730,BANKING,111075122
PAY000677,2025-07-11T01:04:39,2025-08-03T17:22:39,O000886,C02365,BANKING,26580664
PAY000678,2026-02-14T13:32:39,2026-03-11T20:10:39,O000885,C01717,BANKING,46825696
PAY000679,2026-03-07T18:21:39,2026-04-03T20:12:39,O000884,C02460,BANKING,5562032
PAY000680,2025-12-02T20:45:39,2026-01-01T04:41:39,O001763,C02196,CASH,93885861
PAY000681,2025-06-17T20:19:39,2025-07-10T08:46:39,O002610,C01899,BANKING,48809768
PAY000682,2026-02-21T08:38:39,2026-02-27T18:17:39,O001767,C02256,BANKING,65299117
PAY000683,2026-06-10T00:45:39,2026-07-09T18:37:39,O001769,C00340,BANKING,32358496
PAY000684,2025-07-28T05:15:39,2025-08-09T05:20:39,O002616,C02500,CASH,55406967
PAY000685,2025-10-24T17:58:39,2025-11-08T06:10:39,O000434,C00031,CASH,45387419
PAY000686,2025-11-17T21:15:39,2025-12-11T03:16:39,O000430,C00721,CASH,69915430
PAY000687,2025-12-02T02:57:39,2025-12-22T18:24:39,O001752,C02005,BANKING,44544207
PAY000688,2026-04-29T07:43:39,2026-05-14T21:36:39,O001753,C02161,BANKING,23933557
PAY000689,2025-09-01T23:26:39,2025-09-17T12:36:39,O002600,C00914,BANKING,73375404
PAY000690,2025-07-22T17:04:39,2025-08-11T09:08:39,O001755,C00736,BANKING,21329295
PAY000691,2026-01-20T23:12:39,2026-01-25T16:01:39,O002602,C02488,CASH,58123651
PAY000692,2026-05-27T09:03:39,2026-06-10T02:19:39,O001758,C00517,CASH,25699084
PAY000693,2026-05-06T09:21:39,2026-05-17T19:45:39,O000423,C00163,BANKING,51232659
PAY000694,2025-09-02T00:27:39,2025-09-12T04:12:39,O001704,C01906,BANKING,3891642
PAY000695,2025-11-29T20:10:39,2025-12-27T20:02:39,O001707,C01789,BANKING,10076124
PAY000696,2026-02-23T23:28:39,2026-03-16T01:27:39,O001709,C00931,BANKING,2212811
PAY000697,2026-02-08T07:46:39,2026-03-09T08:00:39,O000851,C01255,BANKING,52793078
PAY000698,2026-02-03T12:44:39,2026-03-01T17:03:39,O000843,C01181,BANKING,69890725
PAY000699,2026-03-13T07:50:39,2026-03-14T16:08:39,O000841,C00270,BANKING,79341089
PAY000700,2026-05-09T10:04:39,2026-05-31T18:57:39,O001722,C02401,BANKING,10683126
PAY000701,2025-08-08T03:56:39,2025-08-24T06:05:39,O001727,C02364,CASH,77926118
PAY000702,2025-08-06T05:06:39,2025-08-25T20:48:39,O001728,C02151,CASH,2240393
PAY000703,2025-11-02T02:19:39,2025-11-27T11:05:39,O000879,C01333,CASH,69191757
PAY000704,2026-01-29T11:39:39,2026-02-25T22:18:39,O000865,C01891,BANKING,42719638
PAY000705,2026-03-31T00:03:39,2026-04-20T12:34:39,O000863,C00359,CASH,47111038
PAY000706,2025-10-22T02:26:39,2025-11-07T17:01:39,O000861,C01196,BANKING,68982812
PAY000707,2026-04-29T10:56:39,2026-05-30T05:25:39,O000818,C01239,CASH,55039206
PAY000708,2025-08-19T20:24:39,2025-09-07T16:47:39,O000817,C00745,BANKING,2154297
PAY000709,2026-05-17T01:25:39,2026-05-21T20:28:39,O000814,C00483,CASH,44819724
PAY000710,2025-12-23T04:52:39,2026-01-21T04:05:39,O000813,C01778,CASH,45342088
PAY000711,2025-08-25T15:10:39,2025-09-18T18:19:39,O000804,C01257,CASH,58758127
PAY000712,2026-05-29T14:56:39,2026-05-30T01:27:39,O000801,C00382,CASH,6035304
PAY000713,2025-09-15T08:30:39,2025-10-13T20:28:39,O000836,C00489,CASH,16571114
PAY000714,2026-04-27T12:52:39,2026-05-14T11:28:39,O000832,C00840,CASH,66359050
PAY000715,2025-12-29T17:24:39,2026-01-13T00:16:39,O000826,C00808,CASH,33001002
PAY000716,2026-03-05T20:29:39,2026-03-12T19:03:39,O000823,C01674,BANKING,84030750
PAY000717,2026-02-21T07:58:39,2026-03-17T14:32:39,O002193,C01534,BANKING,2997784
PAY000718,2025-11-17T12:33:39,2025-12-06T18:45:39,O002194,C01846,BANKING,33867892
PAY000719,2026-02-12T15:01:39,2026-02-19T14:59:39,O002196,C01462,BANKING,83357482
PAY000720,2026-05-23T10:38:39,2026-05-25T01:43:39,O002185,C00779,BANKING,6035304
PAY000721,2025-07-13T07:32:39,2025-08-13T03:29:39,O002187,C01809,BANKING,86330865
PAY000722,2025-08-05T14:09:39,2025-08-09T09:39:39,O001299,C00436,BANKING,81328512
PAY000723,2026-06-06T10:40:39,2026-06-15T05:41:39,O002147,C02464,BANKING,30811616
PAY000724,2026-03-28T07:09:39,2026-04-19T05:56:39,O002149,C00877,BANKING,30073543
PAY000725,2025-07-30T06:24:39,2025-07-31T17:50:39,O001291,C01747,BANKING,19188838
PAY000726,2025-12-25T08:09:39,2026-01-04T19:05:39,O002145,C02446,CASH,19891049
PAY000727,2026-04-08T06:02:39,2026-04-25T03:25:39,O002179,C01747,BANKING,60210988
PAY000728,2026-05-27T06:23:39,2026-06-07T23:51:39,O002161,C00950,BANKING,19347288
PAY000729,2026-01-11T13:37:39,2026-01-14T18:03:39,O002163,C01319,CASH,21329295
PAY000730,2025-10-21T13:50:39,2025-10-28T04:11:39,O002164,C01503,BANKING,28608564
